cardId,setSeries,idInSetSeries,icon,backIcon,name,versionName,color,cost,cardType,classification,willpower,strength,loreValue,rarity,inkwellFlag,vanillaFlag,bodyguardFlag,challengerFlag,evasiveFlag,recklessFlag,resistFlag,rushFlag,shiftFlag,singerFlag,singTogetherFlag,supportFlag,wardFlag,effectText,flavorText
2001,02_ＲＩＳＥ ＯＦ ＴＨＥ ＦＬＯＯＤＢＯＲＮ　フラッドボーンの渾沌,001,,,てれすけ,夢見がちなロマンチスト,1_umber,4,1_character,ストーリーボーン・仲間・７人のこびと,5,2,3,2_uncommon,0,0,0,0,0,0,0,0,0,0,0,0,0,照れちゃう！ このキャラクターはあなたの場に他の７人のこびと・キャラクターがいないかぎり、クエストできない。,友だちと一緒なら、人生はもっと楽しい。
2002,02_ＲＩＳＥ ＯＦ ＴＨＥ ＦＬＯＯＤＢＯＲＮ　フラッドボーンの渾沌,002,,,クリストファー・ロビン,冒険者,1_umber,6,1_character,ドリームボーン・ヒーロー,6,2,2,3_rare,0,0,0,0,0,0,0,0,0,0,0,0,0,いつもそばにいるよ あなたがこのキャラクターをレディするたび、あなたの場に他のキャラクターが２体以上いるなら、ロアを２つ得る。,「見て、プー！こんなすごいところ見たことある？」― クリストファー・ロビン
2003,02_ＲＩＳＥ ＯＦ ＴＨＥ ＦＬＯＯＤＢＯＲＮ　フラッドボーンの渾沌,003,,,シンデレラ,舞踏会の花形,1_umber,1,1_character,ストーリーボーン・ヒーロー・プリンセス,2,1,1,3_rare,0,0,0,0,0,0,0,0,0,0,0,0,0,歌声３（このキャラクターは歌を歌う際にコスト３として扱う。）,魔法のドレスをまとい、心に歌を宿した彼女は、舞踏会でみんなを夢中にさせた。
2004,02_ＲＩＳＥ ＯＦ ＴＨＥ ＦＬＯＯＤＢＯＲＮ　フラッドボーンの渾沌,004,,,コブラ・バブルス,ただの福祉局員ですよ,1_umber,7,1_character,ストーリーボーン・仲間,9,5,2,3_rare,0,1,0,0,0,0,0,0,0,0,0,0,0,-,「つまり、こういうことかな。君の『魔法の』呪文書が『魔法の』大水に流された、と？」
2005,02_ＲＩＳＥ ＯＦ ＴＨＥ ＦＬＯＯＤＢＯＲＮ　フラッドボーンの渾沌,005,,,先生,７人のこびとのおかしら,1_umber,3,1_character,ストーリーボーン・仲間・７人のこびと,3,2,2,2_uncommon,0,0,0,0,0,0,0,0,0,0,0,0,0,平等に分け合うんだ このキャラクターがクエストするたび、このターン、あなたが次にキャラクターをプレイするコストの支払いは１減る。,先生はケンカが始まらないよう先制して平等にするよう宣誓する。
2006,02_ＲＩＳＥ ＯＦ ＴＨＥ ＦＬＯＯＤＢＯＲＮ　フラッドボーンの渾沌,006,,,おとぼけ,いつでも陽気,1_umber,3,1_character,ストーリーボーン・仲間・７人のこびと,2,2,1,2_uncommon,0,0,0,0,0,0,0,0,0,0,0,0,0,変わり者 このキャラクターが退場したとき、あなたの他の７人のこびと・キャラクター全員はあなたの次のターンの始めまで、+２される。,彼にはイシツなところがある。
2007,02_ＲＩＳＥ ＯＦ ＴＨＥ ＦＬＯＯＤＢＯＲＮ　フラッドボーンの渾沌,007,,,ユードラ,腕のいい仕立屋,1_umber,5,1_character,ストーリーボーン・仲間,9,1,2,1_common,0,1,0,0,0,0,0,0,0,0,0,0,0,-,愛は全てを繋ぎ止める。
2008,02_ＲＩＳＥ ＯＦ ＴＨＥ ＦＬＯＯＤＢＯＲＮ　フラッドボーンの渾沌,008,,,ガストン,バリトンの威張り屋,1_umber,3,1_character,ドリームボーン・ヴィランズ,3,3,1,2_uncommon,0,0,0,0,0,0,0,0,0,0,0,0,0,歌声５（このキャラクターは歌を歌う際にコスト５として扱う。）,歌を歌わせりゃ一番ラララ…１０点満点！
2009,02_ＲＩＳＥ ＯＦ ＴＨＥ ＦＬＯＯＤＢＯＲＮ　フラッドボーンの渾沌,009,,,大公,王様の相談役,1_umber,2,1_character,ストーリーボーン・仲間,2,2,1,3_rare,0,0,0,0,0,0,0,0,0,0,0,0,0,はい陛下、仰せの通りに あなたのプリンス/プリンセス/王様/女王・キャラクターは+１される。,君主制において、大公は上流階級であるが、王にとっては太鼓持ちに過ぎない。
2010,02_ＲＩＳＥ ＯＦ ＴＨＥ ＦＬＯＯＤＢＯＲＮ　フラッドボーンの渾沌,010,,,おこりんぼ,気難し屋,1_umber,4,1_character,ストーリーボーン・仲間・７人のこびと,4,3,1,1_common,0,0,0,0,0,0,0,0,0,0,0,0,0,悪いことが起こるぞ あなたの他の７人のこびと・キャラクターは+１される。,セイヨウスグリみたいにトゲトゲしいぞ！
2011,02_ＲＩＳＥ ＯＦ ＴＨＥ ＦＬＯＯＤＢＯＲＮ　フラッドボーンの渾沌,011,,,ごきげん,ほがらか,1_umber,5,1_character,ストーリーボーン・仲間・７人のこびと,5,3,2,1_common,0,0,0,0,0,0,0,0,0,0,0,0,0,支援（このキャラクターがクエストするたび、他のキャラクター１体を選び、このターン、これのをそれのに加えてもよい。）,友だちに選ぶなら、まー特に彼だね。
2012,02_ＲＩＳＥ ＯＦ ＴＨＥ ＦＬＯＯＤＢＯＲＮ　フラッドボーンの渾沌,012,,,キング・ルーイ,ジャングルの大物,1_umber,7,1_character,ストーリーボーン・王様,8,3,2,4_superrare,0,0,0,0,0,0,0,0,0,0,0,0,0,腹を割って話すとしよう 他のキャラクター１体が退場するたび、このキャラクターから２ダメージまで取り除いてもよい。,「むきになるな。少し頭を冷やせ」
2013,02_ＲＩＳＥ ＯＦ ＴＨＥ ＦＬＯＯＤＢＯＲＮ　フラッドボーンの渾沌,013,,,ミッキーマウス,陽気なお出むかえ,1_umber,6,1_character,ストーリーボーン・ヒーロー,6,1,3,4_superrare,0,0,0,0,0,0,0,0,0,0,0,0,0,よく来てくれたね！ このキャラクターがクエストするたび、このターン、あなたが次にキャラクターをプレイするコストの支払いは３減る。,「さあ入って、たくさんの冒険が待ってるよ！」
2014,02_ＲＩＳＥ ＯＦ ＴＨＥ ＦＬＯＯＤＢＯＲＮ　フラッドボーンの渾沌,014,,,ムファサ,裏切られた指導者,1_umber,5,1_character,ストーリーボーン・導き手・王様,3,3,2,5_legendary,0,0,0,0,0,0,0,0,0,0,0,0,0,時代の沈む時 このキャラクターが退場したとき、あなたのデッキの一番上のカードを公開してもよい。それがキャラクター・カードなら、「そのキャラクターをコストを支払わずにプレイする。それはエグザートで場に出る。」をしてもよい。公開したカードがプレイされていないなら、デッキの一番上に置く。,-
2015,02_ＲＩＳＥ ＯＦ ＴＨＥ ＦＬＯＯＤＢＯＲＮ　フラッドボーンの渾沌,015,,,ムーラン,自由な旅人,1_umber,3,1_character,ドリームボーン・ヒーロー・プリンセス,3,2,2,1_common,0,0,0,0,0,0,0,0,0,0,0,0,0,支援（このキャラクターがクエストするたび、他のキャラクター１体を選び、このターン、これのをそれのに加えてもよい。）,ありのままの自分でいられるなら、何もかもがより良く見える。
2016,02_ＲＩＳＥ ＯＦ ＴＨＥ ＦＬＯＯＤＢＯＲＮ　フラッドボーンの渾沌,016,,,ムーラン,水鏡に映る姿,1_umber,4,1_character,フラッドボーン・ヒーロー・プリンセス,3,3,2,3_rare,0,0,0,0,0,0,0,0,0,0,0,0,0,変身２（２を支払うことでこのカードをあなたの《ムーラン》の上にプレイしてもよい。）ご先祖様に名誉を このキャラクターがクエストするたび、あなたのデッキの一番上のカードを公開してもよい。それが歌・カードなら、コストを支払わずにプレイしてもよい。公開したカードがプレイされていないなら、デッキの一番上に置く。,-
2017,02_ＲＩＳＥ ＯＦ ＴＨＥ ＦＬＯＯＤＢＯＲＮ　フラッドボーンの渾沌,017,,,ナナ,ダーリング家の愛犬,1_umber,2,1_character,ストーリーボーン・仲間,3,1,1,2_uncommon,0,0,0,0,0,0,0,0,0,0,0,0,0,子守り あなたがフラッドボーン・キャラクターをプレイするたび、キャラクター１体を選び、すべてのダメージを取り除いてもよい。,子供は犬の最良の友。
2018,02_ＲＩＳＥ ＯＦ ＴＨＥ ＦＬＯＯＤＢＯＲＮ　フラッドボーンの渾沌,018,,,ピグレット,とても小さい生き物,1_umber,3,1_character,ストーリーボーン・仲間,4,2,2,1_common,0,1,0,0,0,0,0,0,0,0,0,0,0,-,体は小さくても、とても大きな心の持ち主。
2019,02_ＲＩＳＥ ＯＦ ＴＨＥ ＦＬＯＯＤＢＯＲＮ　フラッドボーンの渾沌,019,,,ラプンツェル,天才アーティスト,1_umber,5,1_character,フラッドボーン・ヒーロー・プリンセス,6,0,2,2_uncommon,0,0,0,0,0,0,0,0,0,0,0,0,0,変身３（３を支払うことでこのカードをあなたの《ラプンツェル》の上にプレイしてもよい。）黄金に輝く花 あなたが自分のキャラクター１体から１ダメージ以上取り除くたび、カードを１枚引いてもよい。,-
2020,02_ＲＩＳＥ ＯＦ ＴＨＥ ＦＬＯＯＤＢＯＲＮ　フラッドボーンの渾沌,020,,,ラプンツェル,太陽の輝き,1_umber,2,1_character,ドリームボーン・ヒーロー・プリンセス,4,1,1,1_common,0,0,0,0,0,0,0,0,0,0,0,0,0,魔法の髪  ： キャラクター１体を選び、２ダメージまで取り除く。,「私たちみんな、それぞれのやり方で世界を少しだけ明るくできるの」
2021,02_ＲＩＳＥ ＯＦ ＴＨＥ ＦＬＯＯＤＢＯＲＮ　フラッドボーンの渾沌,021,,,ねぼすけ,うとうと,1_umber,2,1_character,ストーリーボーン・仲間・７人のこびと,3,2,2,1_common,0,0,0,0,0,0,0,0,0,0,0,0,0,あくび このキャラクターはエグザートで場に出る。,彼が昼寝に飽きることはない。
2022,02_ＲＩＳＥ ＯＦ ＴＨＥ ＦＬＯＯＤＢＯＲＮ　フラッドボーンの渾沌,022,,,くしゃみ,ムズムズ屋,1_umber,2,1_character,ストーリーボーン・仲間・７人のこびと,4,1,1,1_common,0,0,0,0,0,0,0,0,0,0,0,0,0,ハックション！ あなたがこのキャラクターか他の７人のこびと・キャラクターをプレイするたび、キャラクター１体を選び、このターン、-１してもよい。,危ない！ドバッと来るぞ！
2023,02_ＲＩＳＥ ＯＦ ＴＨＥ ＦＬＯＯＤＢＯＲＮ　フラッドボーンの渾沌,023,,,白雪姫,森の迷子,1_umber,2,1_character,ストーリーボーン・ヒーロー・プリンセス,3,2,1,1_common,0,0,0,0,0,0,0,0,0,0,0,0,0,怖がることないわ このキャラクターをプレイしたとき、キャラクター１体を選び、２ダメージまで取り除いてもよい。,「あら、あなたひとりぼっちなのね、私と同じで」
2024,02_ＲＩＳＥ ＯＦ ＴＨＥ ＦＬＯＯＤＢＯＲＮ　フラッドボーンの渾沌,024,,,白雪姫,思いがけない同居人,1_umber,2,1_character,ストーリーボーン・ヒーロー・プリンセス,2,1,1,2_uncommon,0,0,0,0,0,0,0,0,0,0,0,0,0,どうぞよろしく あなたが７人のこびと・キャラクターをプレイするコストの支払いは１減る。,「焼きたてのパイほどすてきなあいさつはないわ」
2025,02_ＲＩＳＥ ＯＦ ＴＨＥ ＦＬＯＯＤＢＯＲＮ　フラッドボーンの渾沌,025,,,白雪姫,井戸に願いを,1_umber,6,1_character,フラッドボーン・ヒーロー・プリンセス,5,3,2,5_legendary,0,0,0,0,0,0,0,0,0,0,0,0,0,変身４（４を支払うことでこのカードをあなたの《白雪姫》の上にプレイしてもよい。）願いは叶うはず このキャラクターがクエストするたび、あなたの捨て札からキャラクター・カード１枚を手札に戻してもよい。,-
2026,02_ＲＩＳＥ ＯＦ ＴＨＥ ＦＬＯＯＤＢＯＲＮ　フラッドボーンの渾沌,026,,,女王,支配者のオーラ,1_umber,5,1_character,フラッドボーン・ヴィランズ・女王,3,4,2,4_superrare,0,0,0,0,0,0,0,0,0,0,0,0,0,変身２（２を支払うことでこのカードをあなたの《女王》の上にプレイしてもよい。）この世で最高に美しい女は？ このキャラクターがクエストするたび、対戦相手のキャラクター１体を選び、このターン-４し、キャラクター１体を選び、このターン+４する。,-
2027,02_ＲＩＳＥ ＯＦ ＴＨＥ ＦＬＯＯＤＢＯＲＮ　フラッドボーンの渾沌,027,,,女王,権威ある君主,1_umber,1,1_character,ストーリーボーン・ヴィランズ・女王,2,2,1,1_common,0,1,0,0,0,0,0,0,0,0,0,0,0,-,彼女を疑うな。彼女を怪しむな。そして何より、彼女に逆らうな。
2028,02_ＲＩＳＥ ＯＦ ＴＨＥ ＦＬＯＯＤＢＯＲＮ　フラッドボーンの渾沌,028,,,お願いだからじっとして,-,1_umber,2,2_action,-,0,0,0,1_common,0,0,0,0,0,0,0,0,0,0,0,0,0,キャラクター１体を選び、４ダメージまで取り除く。,「今度はちょっと痛いから」
2029,02_ＲＩＳＥ ＯＦ ＴＨＥ ＦＬＯＯＤＢＯＲＮ　フラッドボーンの渾沌,029,,,最後の対決,-,1_umber,2,2_action,-,0,0,0,2_uncommon,0,0,0,0,0,0,0,0,0,0,0,0,0,このターンにチャレンジされたキャラクター１体を選び、退場させる。,「決着をつけよう、悪党め」― ナマーリ
2030,02_ＲＩＳＥ ＯＦ ＴＨＥ ＦＬＯＯＤＢＯＲＮ　フラッドボーンの渾沌,030,,,Painting the Roses Red,バラの花を赤く塗ろうよ,1_umber,2,3_action・song,歌,0,0,0,1_common,0,0,0,0,0,0,0,0,0,0,0,0,0,（コスト２以上のキャラクターはすることでこの歌をコストを支払わずに歌える。）キャラクターを２体まで選び、このターン、それぞれを-１する。カードを１枚引く。,-
2031,02_ＲＩＳＥ ＯＦ ＴＨＥ ＦＬＯＯＤＢＯＲＮ　フラッドボーンの渾沌,031,,,World's Greatest Criminal Mind,世界一の大悪党,1_umber,3,3_action・song,歌,0,0,0,3_rare,0,0,0,0,0,0,0,0,0,0,0,0,0,（コスト３以上のキャラクターはすることでこの歌をコストを支払わずに歌える。）５以上のキャラクター１体を選び、退場させる。,-
2032,02_ＲＩＳＥ ＯＦ ＴＨＥ ＦＬＯＯＤＢＯＲＮ　フラッドボーンの渾沌,032,,,Zero to Hero,ゼロ・トゥ・ヒーロー,1_umber,2,3_action・song,歌,0,0,0,2_uncommon,0,0,0,0,0,0,0,0,0,0,0,0,0,（コスト２以上のキャラクターはすることでこの歌をコストを支払わずに歌える。）あなたの場のキャラクターを数える。このターン、あなたが次にキャラクターをプレイするコストの支払いはその数だけ減る。,-
2033,02_ＲＩＳＥ ＯＦ ＴＨＥ ＦＬＯＯＤＢＯＲＮ　フラッドボーンの渾沌,033,,,龍の石,-,1_umber,3,4_item,-,0,0,0,3_rare,0,0,0,0,0,0,0,0,0,0,0,0,0,蘇る命 ，３ ： あなたの捨て札から支援を持つキャラクター・カード１枚を手札に戻す。,どんなに暗い状況の中でも、希望は輝く。
2034,02_ＲＩＳＥ ＯＦ ＴＨＥ ＦＬＯＯＤＢＯＲＮ　フラッドボーンの渾沌,034,,,ねぼすけのフルート,-,1_umber,2,4_item,-,0,0,0,3_rare,0,0,0,0,0,0,0,0,0,0,0,0,0,ヘンな歌  ： あなたがこのターンに歌をプレイしていたなら、ロアを１つ得る。,-
2035,02_ＲＩＳＥ ＯＦ ＴＨＥ ＦＬＯＯＤＢＯＲＮ　フラッドボーンの渾沌,035,,,アーサー,魔法使いの弟子,2_amethyst,3,1_character,ドリームボーン・ヒーロー・魔法使い,3,1,1,4_superrare,0,0,0,0,0,0,0,0,0,0,0,0,0,学びの徒 このキャラクターがクエストするたび、あなたの他のキャラクター１体を選び、手札に戻すことでロアを２つ得てもよい。,「うーん…次はどんな呪文を試してみようかな？」
2036,02_ＲＩＳＥ ＯＦ ＴＨＥ ＦＬＯＯＤＢＯＲＮ　フラッドボーンの渾沌,036,,,ブルー・フェアリー,良い行いに報いる者,2_amethyst,2,1_character,ストーリーボーン・仲間・妖精,1,1,1,2_uncommon,0,0,0,0,0,0,0,0,0,0,0,0,0,回避（このキャラクターには回避を持つキャラクターだけがチャレンジできる。）霊妙の輝き あなたがフラッドボーン・キャラクターをプレイするたび、カードを１枚引いてもよい。,「ゼペットの願いが叶うかどうかは、今後のあなた次第」― ブルー・フェアリー
2037,02_ＲＩＳＥ ＯＦ ＴＨＥ ＦＬＯＯＤＢＯＲＮ　フラッドボーンの渾沌,037,,,ティーカップのチップ,やさしい子,2_amethyst,1,1_character,ストーリーボーン・仲間,2,2,1,1_common,0,1,0,0,0,0,0,0,0,0,0,0,0,-,「手品を見せようか？」
2038,02_ＲＩＳＥ ＯＦ ＴＨＥ ＦＬＯＯＤＢＯＲＮ　フラッドボーンの渾沌,038,,,ファシリエ,抜け目ないペテン師,2_amethyst,4,1_character,ストーリーボーン・ヴィランズ・魔法使い,2,4,1,1_common,0,0,0,0,0,0,0,0,0,0,0,0,0,回避（このキャラクターには回避を持つキャラクターだけがチャレンジできる。）,-
2039,02_ＲＩＳＥ ＯＦ ＴＨＥ ＦＬＯＯＤＢＯＲＮ　フラッドボーンの渾沌,039,,,エルサ,手の内を見せるわ,2_amethyst,4,1_character,ストーリーボーン・ヒーロー・女王・魔法使い,4,3,1,1_common,0,0,0,0,0,0,0,0,0,0,0,0,0,果敢+３（このキャラクターはチャレンジしている間、+３される。）,氷の力でもフラッドは止められないけど、ロルカナの世界を守る役には立つはずよ。
2040,02_ＲＩＳＥ ＯＦ ＴＨＥ ＦＬＯＯＤＢＯＲＮ　フラッドボーンの渾沌,040,,,フェアリーゴッドマザー,助けに来たわよ,2_amethyst,5,1_character,ストーリーボーン・仲間・妖精,7,3,2,2_uncommon,0,1,0,0,0,0,0,0,0,0,0,0,0,-,「平凡な呪文を使ったら、平凡な魔法になってしまうわ。あたしの魔法は特別なものでなくちゃあね！」
2041,02_ＲＩＳＥ ＯＦ ＴＨＥ ＦＬＯＯＤＢＯＲＮ　フラッドボーンの渾沌,041,,,フェアリーゴッドマザー,神秘の武器職人,2_amethyst,5,1_character,フラッドボーン・導き手・妖精,4,3,2,5_legendary,0,0,0,0,0,0,0,0,0,0,0,0,0,変身２（２を支払うことでこのカードをあなたの《フェアリーゴッドマザー》の上にプレイしてもよい。）馬車はいいわ、剣にしましょ このキャラクターがクエストするたび、あなたのキャラクター全員はこのターン、果敢+３と「このキャラクターがチャレンジ中に退場したとき、このカードをあなたの手札に戻す。」を得る。（果敢+３を持つキャラクターはチャレンジしている間、+３される。）,-
2042,02_ＲＩＳＥ ＯＦ ＴＨＥ ＦＬＯＯＤＢＯＲＮ　フラッドボーンの渾沌,042,,,フェアリーゴッドマザー,純粋な心,2_amethyst,3,1_character,ストーリーボーン・仲間・妖精,4,3,1,1_common,0,0,0,0,0,0,0,0,0,0,0,0,0,大丈夫、任せて あなたが《シンデレラ》という名前のキャラクターをプレイするたび、キャラクター１体を選び、エグザートしてもよい。,「急がなきゃ、奇跡は少し時間がかかるの」
2043,02_ＲＩＳＥ ＯＦ ＴＨＥ ＦＬＯＯＤＢＯＲＮ　フラッドボーンの渾沌,043,,,ヘイヘイ,しぶとい存在,2_amethyst,2,1_character,ドリームボーン・仲間,1,2,1,2_uncommon,0,0,0,0,0,0,0,0,0,0,0,0,0,またまた登場！ このキャラクターがチャレンジ中に退場したとき、このカードをあなたの手札に戻す。,パワー、ビューティー、ヘイヘイ。
2044,02_ＲＩＳＥ ＯＦ ＴＨＥ ＦＬＯＯＤＢＯＲＮ　フラッドボーンの渾沌,044,,,ジミニー・クリケット,ピノキオの良心,2_amethyst,2,1_character,ストーリーボーン・導き手,2,1,1,1_common,0,0,0,0,0,0,0,0,0,0,0,0,0,回避（このキャラクターには回避を持つキャラクターだけがチャレンジできる。）心にある小さな声 このキャラクターをプレイしたとき、あなたの場に《ピノキオ》という名前のキャラクターがいるなら、カードを１枚引いてもよい。,「靴だってピッカピカだし！」
2045,02_ＲＩＳＥ ＯＦ ＴＨＥ ＦＬＯＯＤＢＯＲＮ　フラッドボーンの渾沌,045,,,クスコ,追われてるラマ,2_amethyst,2,1_character,ストーリーボーン・王様,2,1,1,1_common,0,0,0,0,0,0,0,0,0,0,0,0,0,さて、ここはどこだ？ このキャラクターが退場したとき、カードを１枚引いてもよい。,「と、いうわけで。状況は完全に僕の思い通りだったのさ」
2046,02_ＲＩＳＥ ＯＦ ＴＨＥ ＦＬＯＯＤＢＯＲＮ　フラッドボーンの渾沌,046,,,マダム・ミム,キツネ,2_amethyst,3,1_character,ストーリーボーン・ヴィランズ・魔法使い,3,4,1,3_rare,0,0,0,0,0,0,0,0,0,0,0,0,0,ウサギ追いし このキャラクターをプレイしたとき、あなたの他のキャラクター１体を選び、手札に戻さないかぎり、これを退場させる。突進（このキャラクターはプレイされたターンにチャレンジできる。）,-
2047,02_ＲＩＳＥ ＯＦ ＴＨＥ ＦＬＯＯＤＢＯＲＮ　フラッドボーンの渾沌,047,,,マダム・ミム,紫の竜,2_amethyst,7,1_character,ストーリーボーン・ヴィランズ・魔法使い・ドラゴン,7,5,4,5_legendary,0,0,0,0,0,0,0,0,0,0,0,0,0,回避（このキャラクターには回避を持つキャラクターだけがチャレンジできる。）あたしの勝ち、勝ちよぉ～！ このキャラクターをプレイしたとき、あなたの他のキャラクター２体を選び、手札に戻さないかぎり、これを退場させる。,「竜は反則？ピンクはね。でもあたしゃ紫だよ！」
2048,02_ＲＩＳＥ ＯＦ ＴＨＥ ＦＬＯＯＤＢＯＲＮ　フラッドボーンの渾沌,048,,,マダム・ミム,マーリンのライバル,2_amethyst,5,1_character,フラッドボーン・ヴィランズ・魔法使い,5,2,2,3_rare,0,0,0,0,0,0,0,0,0,0,0,0,0,変身３（３を支払うことでこのカードをあなたの《マダム・ミム》の上にプレイしてもよい。）怖いこと、私は好き  ： コスト４以下のキャラクター１枚をコストを支払わずにプレイする。そのキャラクターは突進を得る。このターン終了時、それを退場させる。（突進を持つキャラクターはプレイされたターンにチャレンジできる。）,-
2049,02_ＲＩＳＥ ＯＦ ＴＨＥ ＦＬＯＯＤＢＯＲＮ　フラッドボーンの渾沌,049,,,マダム・ミム,ヘビ,2_amethyst,2,1_character,ストーリーボーン・ヴィランズ・魔法使い,3,3,1,2_uncommon,0,0,0,0,0,0,0,0,0,0,0,0,0,逃がすもんか！ このキャラクターをプレイしたとき、あなたの他のキャラクター１体を選び、手札に戻さないかぎり、これを退場させる。,「奥歯ガラガラ言わせてやるわ！」
2050,02_ＲＩＳＥ ＯＦ ＴＨＥ ＦＬＯＯＤＢＯＲＮ　フラッドボーンの渾沌,050,,,マーリン,カニ,2_amethyst,3,1_character,ストーリーボーン・導き手・魔法使い,3,3,1,1_common,0,0,0,0,0,0,0,0,0,0,0,0,0,容赦はせんからな！ このキャラクターをプレイしたとき、またはこれが場を離れたとき、キャラクター１体を選び、そのキャラクターはこのターン、果敢+３を得る。（果敢+３を持つキャラクターはチャレンジしている間、+３される。）,彼は速やカニ決着をつけるぞ！
2051,02_ＲＩＳＥ ＯＦ ＴＨＥ ＦＬＯＯＤＢＯＲＮ　フラッドボーンの渾沌,051,,,マーリン,ヤギ,2_amethyst,4,1_character,ストーリーボーン・導き手・魔法使い,3,4,1,2_uncommon,0,0,0,0,0,0,0,0,0,0,0,0,0,行くぞ！ このキャラクターをプレイしたとき、またはこれが場を離れたとき、ロアを１つ得る。,「いつも頑固なアゴヒゲジジイだね、まったく」― マダム・ミム
2052,02_ＲＩＳＥ ＯＦ ＴＨＥ ＦＬＯＯＤＢＯＲＮ　フラッドボーンの渾沌,052,,,マーリン,ウサギ,2_amethyst,4,1_character,ストーリーボーン・導き手・魔法使い,3,2,1,3_rare,0,0,0,0,0,0,0,0,0,0,0,0,0,ホッピティ・ヒップ！ このキャラクターをプレイしたとき、またはこれが場を離れたとき、カードを１枚引いてもよい。,その日は幸運がそバニーついてなかったんだ。
2053,02_ＲＩＳＥ ＯＦ ＴＨＥ ＦＬＯＯＤＢＯＲＮ　フラッドボーンの渾沌,053,,,マーリン,変身の匠,2_amethyst,4,1_character,ストーリーボーン・導き手・魔法使い,5,1,1,3_rare,0,0,0,0,0,0,0,0,0,0,0,0,0,知恵の戦い あなたの他のキャラクター１体が場からあなたの手札に戻るたび、このキャラクターはこのターン、+１される。,「おお、まいった…どれにするか決められんぞ」
2054,02_ＲＩＳＥ ＯＦ ＴＨＥ ＦＬＯＯＤＢＯＲＮ　フラッドボーンの渾沌,054,,,マーリン,リス,2_amethyst,2,1_character,ストーリーボーン・導き手・魔法使い,1,2,1,1_common,0,0,0,0,0,0,0,0,0,0,0,0,0,とびつく前によく見なきゃ このキャラクターをプレイしたとき、またはこれが場を離れたとき、あなたのデッキの一番上のカードを見る。それをあなたのデッキの一番上か一番下に置く。,「いつも運がいいとは限らんじゃろ、君ィ」
2055,02_ＲＩＳＥ ＯＦ ＴＨＥ ＦＬＯＯＤＢＯＲＮ　フラッドボーンの渾沌,055,,,ピーター・パンの影,ひらり逃走中,2_amethyst,4,1_character,ストーリーボーン・仲間,3,2,2,4_superrare,0,0,0,0,0,0,0,0,0,0,0,0,0,回避（このキャラクターには回避を持つキャラクターだけがチャレンジできる。）突進（このキャラクターはプレイされたターンにチャレンジできる。）抜き足差し足 突進を持つあなたの他のキャラクターは回避を得る。,-
2056,02_ＲＩＳＥ ＯＦ ＴＨＥ ＦＬＯＯＤＢＯＲＮ　フラッドボーンの渾沌,056,,,ピノキオ,注目のスター,2_amethyst,2,1_character,ストーリーボーン・ヒーロー,1,1,3,3_rare,0,1,0,0,0,0,0,0,0,0,0,0,0,-,「君にはその素質がある。その顔、その体…まさに生まれながらの大スターだ。君の名が目に浮かぶぞ、でっかいネオンに輝いて…」― 正直ジョン
2057,02_ＲＩＳＥ ＯＦ ＴＨＥ ＦＬＯＯＤＢＯＲＮ　フラッドボーンの渾沌,057,,,ピノキオ,逃走中,2_amethyst,5,1_character,フラッドボーン・ヒーロー,3,3,2,2_uncommon,0,0,0,0,0,0,0,0,0,0,0,0,0,変身３（３を支払うことでこのカードをあなたの《ピノキオ》の上にプレイしてもよい。）良心に泣きつくさ このキャラクターをプレイしたとき、コスト３以下の、キャラクター１体かアイテム１つを選び、それのプレイヤーの手札に戻してもよい。,ピノキオは考えるより早く、インクランドに駆け込みました。
2058,02_ＲＩＳＥ ＯＦ ＴＨＥ ＦＬＯＯＤＢＯＲＮ　フラッドボーンの渾沌,058,,,ピノキオ,おしゃべり人形,2_amethyst,2,1_character,ストーリーボーン・ヒーロー,1,1,1,2_uncommon,0,0,0,0,0,0,0,0,0,0,0,0,0,嘘つき このキャラクターをプレイしたとき、対戦相手のキャラクター１体を選び、エグザートしてもよい。,「嘘はだんだん大きくなるのです。ちょうどあなたの鼻と同じに」― ブルー・フェアリー
2059,02_ＲＩＳＥ ＯＦ ＴＨＥ ＦＬＯＯＤＢＯＲＮ　フラッドボーンの渾沌,059,,,くまのプーさん,はちみつの魔法使い,2_amethyst,5,1_character,ドリームボーン・ヒーロー・魔法使い・ハニー,5,5,2,1_common,0,1,0,0,0,0,0,0,0,0,0,0,0,-,プーはいつも、自分とはちみつは似てると思っていました。どちらも金色で、とろけるように甘いからです。
2060,02_ＲＩＳＥ ＯＦ ＴＨＥ ＦＬＯＯＤＢＯＲＮ　フラッドボーンの渾沌,060,,,イズマ,ホラーみたいなしわしわ女,2_amethyst,6,1_character,フラッドボーン・ヴィランズ・魔法使い,4,4,2,4_superrare,0,0,0,0,0,0,0,0,0,0,0,0,0,変身４（４を支払うことでこのカードをあなたの《イズマ》の上にプレイしてもよい。）倍返し このキャラクターをプレイしたとき、他のキャラクター１体を選び、そのキャラクターのプレイヤーのデッキに加えてシャッフルしてもよい。そのプレイヤーはカードを２枚引く。,-
2061,02_ＲＩＳＥ ＯＦ ＴＨＥ ＦＬＯＯＤＢＯＲＮ　フラッドボーンの渾沌,061,,,イズマ,快眠できず,2_amethyst,3,1_character,ストーリーボーン・ヴィランズ・魔法使い,4,3,1,2_uncommon,0,1,0,0,0,0,0,0,0,0,0,0,0,-,イズマ 「ラマが！目を閉じたらラマが頭に浮かんで止ラマないわ！」クロンク 「奇妙っすね。俺さっきフラッドで流されてるラマ見ました、かわいそう」
2062,02_ＲＩＳＥ ＯＦ ＴＨＥ ＦＬＯＯＤＢＯＲＮ　フラッドボーンの渾沌,062,,,怖いこと、私は好き,-,2_amethyst,3,3_action・song,歌,0,0,0,3_rare,0,0,0,0,0,0,0,0,0,0,0,0,0,（コスト３以上のキャラクターはすることでこの歌をコストを支払わずに歌える。）コスト４以下のキャラクター１枚をコストを支払わずにプレイする。そのキャラクターは突進を得る。このターン終了時、それを退場させる。（突進を持つキャラクターはプレイされたターンにチャレンジできる。）,-
2063,02_ＲＩＳＥ ＯＦ ＴＨＥ ＦＬＯＯＤＢＯＲＮ　フラッドボーンの渾沌,063,,,うごけない！,-,2_amethyst,1,2_action,-,0,0,0,1_common,0,0,0,0,0,0,0,0,0,0,0,0,0,エグザートしているキャラクター１体を選び、そのキャラクターはそれのプレイヤーの次のターンの始めにレディしない。,「ああ、たいへん。まただ」
2064,02_ＲＩＳＥ ＯＦ ＴＨＥ ＦＬＯＯＤＢＯＲＮ　フラッドボーンの渾沌,064,,,王様の剣の伝説,-,2_amethyst,2,3_action・song,歌,0,0,0,1_common,0,0,0,0,0,0,0,0,0,0,0,0,0,（コスト２以上のキャラクターはすることでこの歌をコストを支払わずに歌える。）キャラクター１体を選び、そのキャラクターはこのターン、果敢+３を得る。（果敢+３を持つキャラクターはチャレンジしている間、+３される。）,イギリスの遠い昔 強者揃い 国王は天に召され 争いが始まった
2065,02_ＲＩＳＥ ＯＦ ＴＨＥ ＦＬＯＯＤＢＯＲＮ　フラッドボーンの渾沌,065,,,破れない契約,-,2_amethyst,4,4_item,-,0,0,0,2_uncommon,0,0,0,0,0,0,0,0,0,0,0,0,0,永遠に従います ，あなたのキャラクター１体をする ： キャラクター１体を選び、エグザートする。,ごく一般的な形式の書類よ、気にする必要はないわ。
2066,02_ＲＩＳＥ ＯＦ ＴＨＥ ＦＬＯＯＤＢＯＲＮ　フラッドボーンの渾沌,066,,,クロッケーのマレット,-,2_amethyst,1,4_item,-,0,0,0,1_common,0,0,0,0,0,0,0,0,0,0,0,0,0,走れハリネズミ このアイテムを退場させる ： キャラクター１体を選び、そのキャラクターはこのターン、突進を得る。（突進を持つキャラクターはプレイされたターンにチャレンジできる。）,-
2067,02_ＲＩＳＥ ＯＦ ＴＨＥ ＦＬＯＯＤＢＯＲＮ　フラッドボーンの渾沌,067,,,ややこしい道しるべ,-,2_amethyst,2,4_item,-,0,0,0,3_rare,0,0,0,0,0,0,0,0,0,0,0,0,0,ふしぎの国へ このアイテムを退場させる ： あなたのキャラクター１体を選び、手札に戻す。,アリス 「私どこへ行ったらいいのかしら」チェシャ猫 「それはニャー、あんたが、どこへ、行きたいかだニャ」
2068,02_ＲＩＳＥ ＯＦ ＴＨＥ ＦＬＯＯＤＢＯＲＮ　フラッドボーンの渾沌,068,,,魔法使いの呪文書,-,2_amethyst,3,4_item,-,0,0,0,3_rare,0,0,0,0,0,0,0,0,0,0,0,0,0,知識 ，１ ： ロアを１つ得る。,イルミニアは知識の力を求める…ただし、その代償には気を付けなければならない。
2069,02_ＲＩＳＥ ＯＦ ＴＨＥ ＦＬＯＯＤＢＯＲＮ　フラッドボーンの渾沌,069,,,アーサー,修行を積んだ剣士,3_emerald,4,1_character,ドリームボーン・ヒーロー,3,4,2,1_common,0,1,0,0,0,0,0,0,0,0,0,0,0,-,「派手な馬とか剣を振り回すだけじゃあダメなのだ！真の達人は剣だけでなく、頭も使わにゃならん」― マーリン
2070,02_ＲＩＳＥ ＯＦ ＴＨＥ ＦＬＯＯＤＢＯＲＮ　フラッドボーンの渾沌,070,,,野獣,容赦せん,3_emerald,6,1_character,ストーリーボーン・ヒーロー・プリンス,5,4,2,5_legendary,0,0,0,0,0,0,0,0,0,0,0,0,0,力が湧いてくる 対戦相手のキャラクター１体がダメージを受けるたび、このキャラクターをレディしてもよい。,-
2071,02_ＲＩＳＥ ＯＦ ＴＨＥ ＦＬＯＯＤＢＯＲＮ　フラッドボーンの渾沌,071,,,ベル,本の虫,3_emerald,3,1_character,ストーリーボーン・ヒーロー・プリンセス,4,2,1,2_uncommon,0,0,0,0,0,0,0,0,0,0,0,0,0,文字だけでも面白いわ いずれかの対戦相手の手札が０枚である間、このキャラクターは+２される。,積まれた本って、私には何より魅力的だわ。
2072,02_ＲＩＳＥ ＯＦ ＴＨＥ ＦＬＯＯＤＢＯＲＮ　フラッドボーンの渾沌,072,,,ベル,森の中の射手,3_emerald,5,1_character,フラッドボーン・ヒーロー・プリンセス,3,3,3,5_legendary,0,0,0,0,0,0,0,0,0,0,0,0,0,変身３（３を支払うことでこのカードをあなたの《ベル》の上にプレイしてもよい。）トゲ付きの矢 このキャラクターがチャレンジされるたび、チャレンジしたキャラクターのプレイヤーは手札をすべて捨てる。,彼女は影のようにするりと木々の間を通り抜けていく。
2073,02_ＲＩＳＥ ＯＦ ＴＨＥ ＦＬＯＯＤＢＯＲＮ　フラッドボーンの渾沌,073,,,バッキー,リス語の先生,3_emerald,3,1_character,ストーリーボーン・仲間,1,1,1,2_uncommon,0,0,0,0,0,0,0,0,0,0,0,0,0,スクイーク あなたがフラッドボーン・キャラクターをプレイするたび、それに変身を使ったなら、各対戦相手はカードを１枚選んで捨てる。,「リス語ってニュアンスが豊富なんスよ」― クロンク
2074,02_ＲＩＳＥ ＯＦ ＴＨＥ ＦＬＯＯＤＢＯＲＮ　フラッドボーンの渾沌,074,,,チェシャ猫,ニヤニヤニャーニャー,3_emerald,2,1_character,ストーリーボーン,2,3,1,2_uncommon,0,1,0,0,0,0,0,0,0,0,0,0,0,-,アリスはとても混乱しました。「でもここにはインクなんて全然ないわ。なのに、この洪水はインクランドを変化させ続けてるの？」「物事は変化し続けるものなんだニャ」猫は言いました。「変化が止まったりしたら、それこそ大変な変化だニャ」
2075,02_ＲＩＳＥ ＯＦ ＴＨＥ ＦＬＯＯＤＢＯＲＮ　フラッドボーンの渾沌,075,,,チェシャ猫,影からニヤニヤ,3_emerald,8,1_character,フラッドボーン,6,5,2,4_superrare,0,0,0,0,0,0,0,0,0,0,0,0,0,変身５（５を支払うことでこのカードをあなたの《チェシャ猫》の上にプレイしてもよい。）回避（このキャラクターには回避を持つキャラクターだけがチャレンジできる。）ヤバヤバなニヤニヤ  ： ダメージを受けているキャラクター１体を選び、退場させる。,-
2076,02_ＲＩＳＥ ＯＦ ＴＨＥ ＦＬＯＯＤＢＯＲＮ　フラッドボーンの渾沌,076,,,デイジーダック,ヒミツのエージェント,3_emerald,4,1_character,ドリームボーン・仲間,3,2,2,2_uncommon,0,0,0,0,0,0,0,0,0,0,0,0,0,おジャマ作戦 このキャラクターがクエストするたび、各対戦相手はカードを１枚選んで捨てる。,-
2077,02_ＲＩＳＥ ＯＦ ＴＨＥ ＦＬＯＯＤＢＯＲＮ　フラッドボーンの渾沌,077,,,ドナルドダック,立派な紳士,3_emerald,4,1_character,フラッドボーン・仲間,5,2,2,2_uncommon,0,0,0,0,0,0,0,0,0,0,0,0,0,変身３（３を支払うことでこのカードをあなたの《ドナルドダック》の上にプレイしてもよい。）僕にお任せ あなたのターン開始時、各プレイヤーはカードを１枚引いてもよい。,-
2078,02_ＲＩＳＥ ＯＦ ＴＨＥ ＦＬＯＯＤＢＯＲＮ　フラッドボーンの渾沌,078,,,ドナルドダック,夢遊病者,3_emerald,3,1_character,ストーリーボーン,5,0,1,1_common,0,0,0,0,0,0,0,0,0,0,0,0,0,驚きのめざめ あなたがアクションをプレイするたび、このキャラクターはこのターン、+２される。,楽しい夢からショッキングな現実へ！
2079,02_ＲＩＳＥ ＯＦ ＴＨＥ ＦＬＯＯＤＢＯＲＮ　フラッドボーンの渾沌,079,,,ファシリエ,占い師,3_emerald,7,1_character,ストーリーボーン・ヴィランズ・魔法使い,4,4,3,4_superrare,0,0,0,0,0,0,0,0,0,0,0,0,0,回避（このキャラクターには回避を持つキャラクターだけがチャレンジできる。）こちらへどうぞ このキャラクターがクエストするたび、対戦相手のキャラクター１体を選び、そのキャラクターはそれのプレイヤーの次のターンの間、クエストできない。,-
2080,02_ＲＩＳＥ ＯＦ ＴＨＥ ＦＬＯＯＤＢＯＲＮ　フラッドボーンの渾沌,080,,,魔女,まさかの裁き人,3_emerald,2,1_character,ドリームボーン・魔法使い,1,1,2,1_common,0,0,0,0,0,0,0,0,0,0,0,0,0,真の姿 このキャラクターはチャレンジされている間、+２される。,見かけにだまされてはいけない。
2081,02_ＲＩＳＥ ＯＦ ＴＨＥ ＦＬＯＯＤＢＯＲＮ　フラッドボーンの渾沌,081,,,フリン・ライダー,自信満々の放浪者,3_emerald,1,1_character,ストーリーボーン・ヒーロー・プリンス,3,1,1,1_common,0,1,0,0,0,0,0,0,0,0,0,0,0,-,「ファンクラブがあるのはうれしいけどさ、鼻は本物そっくりに描く努力をしてもらいたいもんだね！」
2082,02_ＲＩＳＥ ＯＦ ＴＨＥ ＦＬＯＯＤＢＯＲＮ　フラッドボーンの渾沌,082,,,フリン・ライダー,オレの最大のファンであるオレ,3_emerald,4,1_character,フラッドボーン・ヒーロー・プリンス,3,2,4,3_rare,0,0,0,0,0,0,0,0,0,0,0,0,0,変身２（２を支払うことでこのカードをあなたの《フリン・ライダー》の上にプレイしてもよい。）回避（このキャラクターには回避を持つキャラクターだけがチャレンジできる。）極めつけのビッグなお宝 このキャラクターは対戦相手全員の手札にあるカードと同じ数だけ-１される。,-
2083,02_ＲＩＳＥ ＯＦ ＴＨＥ ＦＬＯＯＤＢＯＲＮ　フラッドボーンの渾沌,083,,,ガストン,たくらみの求婚者,3_emerald,2,1_character,ストーリーボーン・ヴィランズ,3,1,1,1_common,0,0,0,0,0,0,0,0,0,0,0,0,0,そうさ俺はイカしたヤツ いずれかの対戦相手の手札が０枚である間、このキャラクターは+３される。,「俺では彼女に不足だってのか？」
2084,02_ＲＩＳＥ ＯＦ ＴＨＥ ＦＬＯＯＤＢＯＲＮ　フラッドボーンの渾沌,084,,,リトル・ジョン,義理堅い友,3_emerald,6,1_character,ストーリーボーン・仲間,6,6,2,3_rare,0,1,0,0,0,0,0,0,0,0,0,0,0,-,「何あわててんだ、ロビン？しっかり休もうぜ！イカレたインクに流されたロアを探しに行く時間なら、まだたっぷりあるさ」
2085,02_ＲＩＳＥ ＯＦ ＴＨＥ ＦＬＯＯＤＢＯＲＮ　フラッドボーンの渾沌,085,,,ルシファー,ずるがしこい猫,3_emerald,5,1_character,ストーリーボーン・仲間,2,2,2,3_rare,0,0,0,0,0,0,0,0,0,0,0,0,0,ネズミ狩り このキャラクターをプレイしたとき、各対戦相手はアクション・カードを１枚選んで捨てないかぎり、カードを２枚選んで捨てる。,「悪者にも一つくらいいいところはあるわ」― シンデレラ
2086,02_ＲＩＳＥ ＯＦ ＴＨＥ ＦＬＯＯＤＢＯＲＮ　フラッドボーンの渾沌,086,,,ペイン,冥界の小悪魔,3_emerald,2,1_character,ストーリーボーン・仲間,4,1,1,2_uncommon,0,0,0,0,0,0,0,0,0,0,0,0,0,今参ります、悲しみの大王様 このキャラクターは５以上である間、+２される。,「早くしろ！俺は忙しい神で、やることいっぱいなんだ。ミーティングとか、呪いとか、軽～い陰謀とかな」― ハデス
2087,02_ＲＩＳＥ ＯＦ ＴＨＥ ＦＬＯＯＤＢＯＲＮ　フラッドボーンの渾沌,087,,,パニック,冥界の小悪魔,3_emerald,3,1_character,ストーリーボーン・仲間,3,2,2,1_common,0,0,0,0,0,0,0,0,0,0,0,0,0,すぐに参りますよ このキャラクターをプレイしたとき、キャラクター１体を選び、このターン、+２する。《ペイン》という名前のキャラクターが選ばれたなら、代わりに+４する。,「近頃はいい人材を探すのにひと苦労、とか言ってるヤツは誰だ？ああ…俺か！」― ハデス
2088,02_ＲＩＳＥ ＯＦ ＴＨＥ ＦＬＯＯＤＢＯＲＮ　フラッドボーンの渾沌,088,,,ピート,わるもん,3_emerald,5,1_character,ストーリーボーン・ヴィランズ,4,3,2,3_rare,0,0,0,0,0,0,0,0,0,0,0,0,0,魔除（対戦相手はチャレンジ以外でこのキャラクターを選べない。）くらえ！ あなたがアクションをプレイするたび、このキャラクターはこのターン、+２される。つぎはだれかな？ このキャラクターは７以上である間、+２される。,-
2089,02_ＲＩＳＥ ＯＦ ＴＨＥ ＦＬＯＯＤＢＯＲＮ　フラッドボーンの渾沌,089,,,プリンス・ジョン,強欲王,3_emerald,3,1_character,ドリームボーン・ヴィランズ・プリンス,2,1,2,3_rare,0,0,0,0,0,0,0,0,0,0,0,0,0,魔除（対戦相手はチャレンジ以外でこのキャラクターを選べない。）死刑に処す 対戦相手がカードを１枚以上捨てるたび、捨てられたカードと同じ数のカードを引いてもよい。,「税金！税金！なんという、美しい言葉！」
2090,02_ＲＩＳＥ ＯＦ ＴＨＥ ＦＬＯＯＤＢＯＲＮ　フラッドボーンの渾沌,090,,,ハートの女王,かんしゃく玉,3_emerald,2,1_character,ドリームボーン・ヴィランズ・女王,2,1,2,1_common,0,0,0,0,0,0,0,0,0,0,0,0,0,女王のお怒り このキャラクターをプレイしたとき、ダメージを受けている対戦相手のキャラクター１体を選び、１ダメージを与える。,「あのな、女王を怒らすなんてチョロいもんだぜ。やってみるか？」― チェシャ猫
2091,02_ＲＩＳＥ ＯＦ ＴＨＥ ＦＬＯＯＤＢＯＲＮ　フラッドボーンの渾沌,091,,,ラティガン,犯罪王,3_emerald,4,1_character,ドリームボーン・ヴィランズ,1,4,2,1_common,0,0,0,0,0,0,0,0,0,0,0,0,0,回避（このキャラクターには回避を持つキャラクターだけがチャレンジできる。）,「今回は最高にうまく行ったぞ！まもなくすべてが私のものになる。富も…権力も…この王国全部が私にひれ伏すのだ！」
2092,02_ＲＩＳＥ ＯＦ ＴＨＥ ＦＬＯＯＤＢＯＲＮ　フラッドボーンの渾沌,092,,,レイ,お気楽ホタル,3_emerald,5,1_character,ストーリーボーン・仲間,3,3,3,1_common,0,0,0,0,0,0,0,0,0,0,0,0,0,回避（このキャラクターには回避を持つキャラクターだけがチャレンジできる。）,彼の言葉はわかりにくいかもしれないが、心はそうじゃない。
2093,02_ＲＩＳＥ ＯＦ ＴＨＥ ＦＬＯＯＤＢＯＲＮ　フラッドボーンの渾沌,093,,,女王,みせかけの物売り,3_emerald,3,1_character,ストーリーボーン・ヴィランズ・女王,3,2,0,4_superrare,0,0,0,0,0,0,0,0,0,0,0,0,0,これなら誰にもわかるまい ，キャラクター・カードを１枚選んで捨てる ： その捨てたキャラクターのと同じ数のロアを得る。,「願いが叶うリンゴさ…」
2094,02_ＲＩＳＥ ＯＦ ＴＨＥ ＦＬＯＯＤＢＯＲＮ　フラッドボーンの渾沌,094,,,ティアナ,本当のプリンセス,3_emerald,5,1_character,ストーリーボーン・ヒーロー・プリンセス,3,5,3,2_uncommon,0,1,0,0,0,0,0,0,0,0,0,0,0,-,本当の自分を見つけた時、心はまばゆく輝き始める。
2095,02_ＲＩＳＥ ＯＦ ＴＨＥ ＦＬＯＯＤＢＯＲＮ　フラッドボーンの渾沌,095,,,ヴィラーナ,ファングの長,3_emerald,5,1_character,ストーリーボーン・ヴィランズ・女王,5,5,2,1_common,0,1,0,0,0,0,0,0,0,0,0,0,0,-,「難しい決断を下さなければならないわ、娘を守るために。こんな見知らぬ世界ではなおさらね」
2096,02_ＲＩＳＥ ＯＦ ＴＨＥ ＦＬＯＯＤＢＯＲＮ　フラッドボーンの渾沌,096,,,Bibbidi Bobbidi Boo,ビビディ・バビディ・ブー,3_emerald,3,3_action・song,歌,0,0,0,3_rare,0,0,0,0,0,0,0,0,0,0,0,0,0,（コスト３以上のキャラクターはすることでこの歌をコストを支払わずに歌える。）あなたのキャラクター１体を選び、手札に戻すことでそのキャラクター以下のコストのキャラクター１枚をコストを支払わずにプレイする。,この言葉を唱えたならば
2097,02_ＲＩＳＥ ＯＦ ＴＨＥ ＦＬＯＯＤＢＯＲＮ　フラッドボーンの渾沌,097,,,ピョンピョン,-,3_emerald,2,2_action,-,0,0,0,2_uncommon,0,0,0,0,0,0,0,0,0,0,0,0,0,あなたのキャラクター１体を選び、手札に戻すことで他のキャラクター１体を選び、そのキャラクターのプレイヤーの手札に戻す。,「ジャンプの用意はいいか？」― ティガー
2098,02_ＲＩＳＥ ＯＦ ＴＨＥ ＦＬＯＯＤＢＯＲＮ　フラッドボーンの渾沌,098,,,催眠術,-,3_emerald,3,2_action,-,0,0,0,1_common,0,0,0,0,0,0,0,0,0,0,0,0,0,各対戦相手はカードを１枚選んで捨てる。カードを１枚引く。,「人が話してる時は目を見ろ」
2099,02_ＲＩＳＥ ＯＦ ＴＨＥ ＦＬＯＯＤＢＯＲＮ　フラッドボーンの渾沌,099,,,即興の護身,-,3_emerald,1,2_action,-,0,0,0,1_common,0,0,0,0,0,0,0,0,0,0,0,0,0,キャラクター１体を選び、このターン、+１する。カードを１枚引く。,シャン・ユー 「これまでだ、観念しろ」ムーラン 「まだまだよ！」
2100,02_ＲＩＳＥ ＯＦ ＴＨＥ ＦＬＯＯＤＢＯＲＮ　フラッドボーンの渾沌,100,,,群れの戦術,-,3_emerald,4,2_action,-,0,0,0,3_rare,0,0,0,0,0,0,0,0,0,0,0,0,0,対戦相手全員の場のダメージを受けているキャラクターと同じ数のロアを得る。,パチャ「ジャングルで生き延びたいんですか？でしたらジャングルの住民のように考えるんです」クスコ「できるさ…ガルルル、見ろ、ぼくはジャガーだぞ」
2101,02_ＲＩＳＥ ＯＦ ＴＨＥ ＦＬＯＯＤＢＯＲＮ　フラッドボーンの渾沌,101,,,ごちそうのベル,-,3_emerald,3,2_action,-,0,0,0,2_uncommon,0,0,0,0,0,0,0,0,0,0,0,0,0,ダメージを受けているキャラクター１体を選び、退場させる。,「かわいそうなバーソロミュー、おまえは私を怒らせた」― ラティガン
2102,02_ＲＩＳＥ ＯＦ ＴＨＥ ＦＬＯＯＤＢＯＲＮ　フラッドボーンの渾沌,102,,,ラティガンのすんばらしいワナ,-,3_emerald,3,4_item,-,0,0,0,3_rare,0,0,0,0,0,0,0,0,0,0,0,0,0,バタン！ズドン！ビューン！ このアイテムを退場させる ： 各対戦相手はロアを２つ失う。,目的はシンプル、シカケはフクザツ…ラティガン本人のように。
2103,02_ＲＩＳＥ ＯＦ ＴＨＥ ＦＬＯＯＤＢＯＲＮ　フラッドボーンの渾沌,103,,,バルー,楽しいこと好きのクマ,4_ruby,3,1_character,ストーリーボーン・仲間,3,4,1,1_common,0,1,0,0,0,0,0,0,0,0,0,0,0,-,「ハチがぶんぶん、そこにはミツがある！」
2104,02_ＲＩＳＥ ＯＦ ＴＨＥ ＦＬＯＯＤＢＯＲＮ　フラッドボーンの渾沌,104,,,ブーン,早熟な実業家,4_ruby,2,1_character,ストーリーボーン・仲間,3,2,1,1_common,0,1,0,0,0,0,0,0,0,0,0,0,0,-,「お腹空いてる人がいたら、連れて来ちゃって」
2105,02_ＲＩＳＥ ＯＦ ＴＨＥ ＦＬＯＯＤＢＯＲＮ　フラッドボーンの渾沌,105,,,トランプ兵,ひと山の紙束,4_ruby,5,1_character,ストーリーボーン・仲間,5,5,2,2_uncommon,0,1,0,0,0,0,0,0,0,0,0,0,0,-,いずれは勝負するべき局面が来る。
2106,02_ＲＩＳＥ ＯＦ ＴＨＥ ＦＬＯＯＤＢＯＲＮ　フラッドボーンの渾沌,106,,,ドナルドダック,二度とごめんだ！,4_ruby,5,1_character,ドリームボーン・ヒーロー,5,1,1,5_legendary,0,0,0,0,0,0,0,0,0,0,0,0,0,回避（このキャラクターには回避を持つキャラクターだけがチャレンジできる。）怒ったぞ！ このキャラクターはこれが受けているダメージと同じ数だけ+１される。,-
2107,02_ＲＩＳＥ ＯＦ ＴＨＥ ＦＬＯＯＤＢＯＲＮ　フラッドボーンの渾沌,107,,,フェリシア,いつも腹ペコ,4_ruby,1,1_character,ドリームボーン・仲間,1,3,0,1_common,0,0,0,0,0,0,0,0,0,0,0,0,0,暴勇（このキャラクターはクエストできず、可能ならチャレンジする。）,「追いかけっこは普通こういう風にはならないものだろう、ドーソン？」― バジル
2108,02_ＲＩＳＥ ＯＦ ＴＨＥ ＦＬＯＯＤＢＯＲＮ　フラッドボーンの渾沌,108,,,フィジット,ラティガンの手下,4_ruby,3,1_character,ドリームボーン・仲間,2,3,1,1_common,0,0,0,0,0,0,0,0,0,0,0,0,0,回避（このキャラクターには回避を持つキャラクターだけがチャレンジできる。）,キレ者の手下が必要な時に。
2109,02_ＲＩＳＥ ＯＦ ＴＨＥ ＦＬＯＯＤＢＯＲＮ　フラッドボーンの渾沌,109,,,正直ジョン,言うほど正直じゃない,4_ruby,3,1_character,ストーリーボーン・ヴィランズ,3,2,1,3_rare,0,0,0,0,0,0,0,0,0,0,0,0,0,一生がご安泰 あなたがフラッドボーン・キャラクターをプレイするたび、各対戦相手はロアを１つ失う。,「使いようによっちゃひと儲けできそうだ！」
2110,02_ＲＩＳＥ ＯＦ ＴＨＥ ＦＬＯＯＤＢＯＲＮ　フラッドボーンの渾沌,110,,,トレメイン夫人,横柄な女王,4_ruby,6,1_character,フラッドボーン・ヴィランズ・女王,4,3,2,4_superrare,0,0,0,0,0,0,0,0,0,0,0,0,0,変身４（４を支払うことでこのカードをあなたの《トレメイン夫人》の上にプレイしてもよい。）ついに権力の座に このキャラクターをプレイしたとき、各対戦相手は自分のキャラクター１体を選び、退場させる。,悪役のルールその１２ ： 玉座を持たぬのなら、一つ頂戴するべし。
2111,02_ＲＩＳＥ ＯＦ ＴＨＥ ＦＬＯＯＤＢＯＲＮ　フラッドボーンの渾沌,111,,,トレメイン夫人,高圧的な家長,4_ruby,2,1_character,ストーリーボーン・ヴィランズ,2,2,1,1_common,0,0,0,0,0,0,0,0,0,0,0,0,0,あなたには任せません このキャラクターをプレイしたとき、あなたより多くのロアを持つ各対戦相手はロアを１つ失う。,「間違えないように。今度こそは私がこの鍵を安全に守ります！」
2112,02_ＲＩＳＥ ＯＦ ＴＨＥ ＦＬＯＯＤＢＯＲＮ　フラッドボーンの渾沌,112,,,ルミエール,カッとなりやすい燭台,4_ruby,7,1_character,ドリームボーン・仲間,7,7,2,3_rare,0,1,0,0,0,0,0,0,0,0,0,0,0,-,火急の事態においては、彼こそが希望の灯火なのだ。
2113,02_ＲＩＳＥ ＯＦ ＴＨＥ ＦＬＯＯＤＢＯＲＮ　フラッドボーンの渾沌,113,,,ミニーマウス,シックなサーファー,4_ruby,3,1_character,ドリームボーン・ヒーロー,3,1,2,2_uncommon,0,0,0,0,0,0,0,0,0,0,0,0,0,回避（このキャラクターには回避を持つキャラクターだけがチャレンジできる。）,「これは私の楽しいことリストのトップ１０に入るわ！」
2114,02_ＲＩＳＥ ＯＦ ＴＨＥ ＦＬＯＯＤＢＯＲＮ　フラッドボーンの渾沌,114,,,ミニーマウス,びっくりダイバー,4_ruby,4,1_character,フラッドボーン・ヒーロー,3,2,1,3_rare,0,0,0,0,0,0,0,0,0,0,0,0,0,変身２（２を支払うことでこのカードをあなたの《ミニーマウス》の上にプレイしてもよい。）回避（このキャラクターには回避を持つキャラクターだけがチャレンジできる。）海底探検 各ターン、あなたが２枚目のアクションをプレイするたび、このキャラクターはこのターン、+２される。,-
2115,02_ＲＩＳＥ ＯＦ ＴＨＥ ＦＬＯＯＤＢＯＲＮ　フラッドボーンの渾沌,115,,,ミニーマウス,かっとびライダー,4_ruby,2,1_character,ストーリーボーン・ヒーロー,2,3,1,1_common,0,1,0,0,0,0,0,0,0,0,0,0,0,-,アクセルひねれば楽しさ全開！
2116,02_ＲＩＳＥ ＯＦ ＴＨＥ ＦＬＯＯＤＢＯＲＮ　フラッドボーンの渾沌,116,,,マザー・ゴーテル,しわしわで性悪,4_ruby,2,1_character,ストーリーボーン・ヴィランズ,4,3,1,2_uncommon,0,0,0,0,0,0,0,0,0,0,0,0,0,なんてことしてくれたの！ このキャラクターは３ダメージを負って場に出る。,彼女が何を感じているかは、その顔にくっきりと刻まれている。
2117,02_ＲＩＳＥ ＯＦ ＴＨＥ ＦＬＯＯＤＢＯＲＮ　フラッドボーンの渾沌,117,,,ムーラン,訓練中の兵士,4_ruby,4,1_character,ストーリーボーン・ヒーロー・プリンセス,3,4,1,1_common,0,0,0,0,0,0,0,0,0,0,0,0,0,突進（このキャラクターはプレイされたターンにチャレンジできる。）,「何とかしなければ！」
2118,02_ＲＩＳＥ ＯＦ ＴＨＥ ＦＬＯＯＤＢＯＲＮ　フラッドボーンの渾沌,118,,,ナマーリ,仇敵,4_ruby,4,1_character,ストーリーボーン・ヴィランズ・プリンセス,3,3,1,4_superrare,0,0,0,0,0,0,0,0,0,0,0,0,0,すぐ片付ける ，このキャラクターを退場させる ： キャラクター１体を選び、退場させる。,「剣なんてなくてもあなたは倒せる。この方が盛り上がりそうってだけ」
2119,02_ＲＩＳＥ ＯＦ ＴＨＥ ＦＬＯＯＤＢＯＲＮ　フラッドボーンの渾沌,119,,,ハートの女王,衝動的な支配者,4_ruby,2,1_character,ストーリーボーン・ヴィランズ・女王,2,2,1,2_uncommon,0,0,0,0,0,0,0,0,0,0,0,0,0,突進（このキャラクターはプレイされたターンにチャレンジできる。）,フラッドの中のロアの輝きが女王の目をとらえた。「呪文書だ！」女王は叫んだ。「取り逃がすんじゃないよ！」
2120,02_ＲＩＳＥ ＯＦ ＴＨＥ ＦＬＯＯＤＢＯＲＮ　フラッドボーンの渾沌,120,,,ハートの女王,弱みを探る者,4_ruby,5,1_character,フラッドボーン・ヴィランズ・女王,3,4,1,2_uncommon,0,0,0,0,0,0,0,0,0,0,0,0,0,変身２（２を支払うことでこのカードをあなたの《ハートの女王》の上にプレイしてもよい。）ゲーム開始！ あなたのキャラクター１体が他のキャラクター１体にチャレンジするたび、カードを１枚引いてもよい。,-
2121,02_ＲＩＳＥ ＯＦ ＴＨＥ ＦＬＯＯＤＢＯＲＮ　フラッドボーンの渾沌,121,,,ラティガン,とてもでっかいネズミ,4_ruby,5,1_character,ストーリーボーン・ヴィランズ,3,3,2,3_rare,0,0,0,0,0,0,0,0,0,0,0,0,0,我が王国なるぞ！ このキャラクターをプレイしたとき、対戦相手の３以下のキャラクター１体を選び、エグザートする。あなたのキャラクター１体を選び、レディする。そのキャラクターはこのターン、クエストできない。,「今回は大丈夫、例えバジルでも計画の邪魔はできん！」
2122,02_ＲＩＳＥ ＯＦ ＴＨＥ ＦＬＯＯＤＢＯＲＮ　フラッドボーンの渾沌,122,,,ラーヤ,頑固者,4_ruby,3,1_character,ストーリーボーン・ヒーロー・プリンセス,3,2,1,1_common,0,0,0,0,0,0,0,0,0,0,0,0,0,自分に約束、死なない あなたのターンの間、このキャラクターがチャレンジ中に他のキャラクター１体を退場させるたび、これをレディしてもよい。これはこのターン、クエストできない。,勇気２ ： 賢さ１、それと覚悟をたっぷり。
2123,02_ＲＩＳＥ ＯＦ ＴＨＥ ＦＬＯＯＤＢＯＲＮ　フラッドボーンの渾沌,123,,,ラーヤ,ハートの指導者,4_ruby,6,1_character,フラッドボーン・ヒーロー・プリンセス,3,5,2,4_superrare,0,0,0,0,0,0,0,0,0,0,0,0,0,変身４（４を支払うことでこのカードをあなたの《ラーヤ》の上にプレイしてもよい。）クマンドラの勇者 このキャラクターがダメージを受けているキャラクター１体にチャレンジするたび、これはそのチャレンジによってダメージを受けない。,-
2124,02_ＲＩＳＥ ＯＦ ＴＨＥ ＦＬＯＯＤＢＯＲＮ　フラッドボーンの渾沌,124,,,ラーヤ,クマンドラの戦士,4_ruby,4,1_character,ストーリーボーン・ヒーロー・プリンセス,3,5,1,2_uncommon,0,1,0,0,0,0,0,0,0,0,0,0,0,-,「お父様の夢は一つになったクマンドラ。私はその夢を讃えるために戦う」
2125,02_ＲＩＳＥ ＯＦ ＴＨＥ ＦＬＯＯＤＢＯＲＮ　フラッドボーンの渾沌,125,,,スカー,凶悪な謀り屋,4_ruby,7,1_character,ストーリーボーン・ヴィランズ,5,6,2,5_legendary,0,0,0,0,0,0,0,0,0,0,0,0,0,突進（このキャラクターはプレイされたターンにチャレンジできる。）助けてくれる父親はもういないぞ あなたのターンの間、このキャラクターがチャレンジ中に他のキャラクター１体を退場させるたび、これをレディしてもよい。これはこのターン、クエストできない。,-
2126,02_ＲＩＳＥ ＯＦ ＴＨＥ ＦＬＯＯＤＢＯＲＮ　フラッドボーンの渾沌,126,,,シア・カーン,脅威の肉食獣,4_ruby,3,1_character,ストーリーボーン・ヴィランズ,3,3,1,3_rare,0,0,0,0,0,0,0,0,0,0,0,0,0,私の知性をなめるな あなたのキャラクター１体が他のキャラクター１体にチャレンジするたび、ロアを１つ得る。,悪役のルールその６ ： 知性は常に鋭く、爪はもっと鋭く保つべし。
2127,02_ＲＩＳＥ ＯＦ ＴＨＥ ＦＬＯＯＤＢＯＲＮ　フラッドボーンの渾沌,127,,,ティガー,世界にひとり,4_ruby,3,1_character,ドリームボーン・ティガー,3,3,1,1_common,0,0,0,0,0,0,0,0,0,0,0,0,0,元気いっぱい あなたがアクションをプレイするたび、このキャラクターはこのターン、+２される。,救いのヒーロー、ピョピョーンと参上！
2128,02_ＲＩＳＥ ＯＦ ＴＨＥ ＦＬＯＯＤＢＯＲＮ　フラッドボーンの渾沌,128,,,トゥクトゥク,ぶちかます大玉,4_ruby,4,1_character,ストーリーボーン・仲間,5,4,0,3_rare,0,0,0,0,0,0,0,0,0,0,0,0,0,暴勇（このキャラクターはクエストできず、可能ならチャレンジする。）,良き相棒にして愛ボール。
2129,02_ＲＩＳＥ ＯＦ ＴＨＥ ＦＬＯＯＤＢＯＲＮ　フラッドボーンの渾沌,129,,,Go the Distance,ゴー・ザ・ディスタンス,4_ruby,2,3_action・song,歌,0,0,0,1_common,0,0,0,0,0,0,0,0,0,0,0,0,0,（コスト２以上のキャラクターはすることでこの歌をコストを支払わずに歌える。）ダメージを受けているあなたのキャラクター１体を選び、レディする。そのキャラクターはこのターン、クエストできない。カードを１枚引く。,-
2130,02_ＲＩＳＥ ＯＦ ＴＨＥ ＦＬＯＯＤＢＯＲＮ　フラッドボーンの渾沌,130,,,野心と牙,-,4_ruby,2,3_action・song,歌,0,0,0,3_rare,0,0,0,0,0,0,0,0,0,0,0,0,0,（コスト２以上のキャラクターはすることでこの歌をコストを支払わずに歌える。）あなたのキャラクター１体を選び、２ダメージを与えることで他のキャラクター１体を選び、２ダメージを与える。,もちろん 褒美はたっぷり お前たち うまくやれば未来に輝いてる 全てが俺のものだ
2131,02_ＲＩＳＥ ＯＦ ＴＨＥ ＦＬＯＯＤＢＯＲＮ　フラッドボーンの渾沌,131,,,最高に悪魔的な陰謀,-,4_ruby,3,3_action・song,歌,0,0,0,2_uncommon,0,0,0,0,0,0,0,0,0,0,0,0,0,（コスト３以上のキャラクターはすることでこの歌をコストを支払わずに歌える。）あなたのヴィランズ・キャラクター１体を選び、退場させることでキャラクター１体を選び、退場させる。,今度は極めつけ もちろん大犯罪ィ！
2132,02_ＲＩＳＥ ＯＦ ＴＨＥ ＦＬＯＯＤＢＯＲＮ　フラッドボーンの渾沌,132,,,何と呼んだ？,-,4_ruby,1,2_action,-,0,0,0,1_common,0,0,0,0,0,0,0,0,0,0,0,0,0,ダメージを受けているキャラクター１体を選び、このターン、+３する。,「僕は誰よりも君を高く買っている。その僕が言う、君は最低のドブネズミだ！」― バジル
2133,02_ＲＩＳＥ ＯＦ ＴＨＥ ＦＬＯＯＤＢＯＲＮ　フラッドボーンの渾沌,133,,,You Can Fly,きみもとべるよ！,4_ruby,2,3_action・song,歌,0,0,0,2_uncommon,0,0,0,0,0,0,0,0,0,0,0,0,0,（コスト２以上のキャラクターはすることでこの歌をコストを支払わずに歌える。）キャラクター１体を選び、そのキャラクターはあなたの次のターンの始めまで、回避を得る。（回避を持つキャラクターには回避を持つキャラクターだけがチャレンジできる。）,-
2134,02_ＲＩＳＥ ＯＦ ＴＨＥ ＦＬＯＯＤＢＯＲＮ　フラッドボーンの渾沌,134,,,ディナーベル,-,4_ruby,4,4_item,-,0,0,0,3_rare,0,0,0,0,0,0,0,0,0,0,0,0,0,どうなるかはわかっているな ，２ ： あなたのキャラクター１体を選び、そのキャラクターが受けているダメージと同じ数のカードを引き、その後それを退場させる。,繊細なる音が知らせる迫り来る破滅。
2135,02_ＲＩＳＥ ＯＦ ＴＨＥ ＦＬＯＯＤＢＯＲＮ　フラッドボーンの渾沌,135,,,ピーター・パンの短剣,-,4_ruby,2,4_item,-,0,0,0,1_common,0,0,0,0,0,0,0,0,0,0,0,0,0,回避を持つあなたのキャラクターは+１される。,他の無数のロアと同様、ピーター・パンの短剣も大イルミナで安全に保管されていた。フラッドが起こるまでは。
2136,02_ＲＩＳＥ ＯＦ ＴＨＥ ＦＬＯＯＤＢＯＲＮ　フラッドボーンの渾沌,136,,,王様の剣,-,4_ruby,1,4_item,-,0,0,0,2_uncommon,0,0,0,0,0,0,0,0,0,0,0,0,0,，２ ： キャラクター１体を選び、このターン、そのキャラクターが受けているダメージと同じ数だけ+１する。,「これなる剣を石の台より引き抜きし者があらば、その者こそ真のイギリスの王である」
2137,02_ＲＩＳＥ ＯＦ ＴＨＥ ＦＬＯＯＤＢＯＲＮ　フラッドボーンの渾沌,137,,,アリス,大きくなっちゃった,5_sapphire,3,1_character,ドリームボーン・ヒーロー,4,1,1,5_legendary,0,0,0,0,0,0,0,0,0,0,0,0,0,いいつけ あなたの他のキャラクターは支援を得る。（支援を持つキャラクターがクエストするたび、他のキャラクター１体を選び、このターン、それのを選んだキャラクターのに加えてもよい。）私、何をしたの？ このキャラクターは１０以上である間、+４される。,-
2138,02_ＲＩＳＥ ＯＦ ＴＨＥ ＦＬＯＯＤＢＯＲＮ　フラッドボーンの渾沌,138,,,バジル,偉大なネズミの探偵,5_sapphire,6,1_character,フラッドボーン・ヒーロー・探偵,4,3,3,4_superrare,0,0,0,0,0,0,0,0,0,0,0,0,0,変身５（５を支払うことでこのカードをあなたの《バジル》の上にプレイしてもよい。）チャンスは常にある このキャラクターをプレイしたとき、それに変身を使ったなら、カードを２枚引いてもよい。,「解決策は常に自ずと現れるものだ」
2139,02_ＲＩＳＥ ＯＦ ＴＨＥ ＦＬＯＯＤＢＯＲＮ　フラッドボーンの渾沌,139,,,バジル,ベーカー街の探偵,5_sapphire,2,1_character,ドリームボーン・ヒーロー・探偵,2,2,1,1_common,0,0,0,0,0,0,0,0,0,0,0,0,0,支援（このキャラクターがクエストするたび、他のキャラクター１体を選び、このターン、これのをそれのに加えてもよい。）,「何と独創的な装置だ！もしその光がこれらを通して屈折しているのなら、下の方のどこかに映像が現われるに違いない」
2140,02_ＲＩＳＥ ＯＦ ＴＨＥ ＦＬＯＯＤＢＯＲＮ　フラッドボーンの渾沌,140,,,バジル,鋭い私立探偵,5_sapphire,4,1_character,ストーリーボーン・ヒーロー・探偵,4,3,2,1_common,0,1,0,0,0,0,0,0,0,0,0,0,0,-,「疑問の余地はない。この大イルミナで何かが進行しているのだ」
2141,02_ＲＩＳＥ ＯＦ ＴＨＥ ＦＬＯＯＤＢＯＲＮ　フラッドボーンの渾沌,141,,,イモムシ,意味深な戒め屋,5_sapphire,3,1_character,ドリームボーン,3,1,3,2_uncommon,0,1,0,0,0,0,0,0,0,0,0,0,0,-,「怒りっぽいのはイ短調」
2142,02_ＲＩＳＥ ＯＦ ＴＨＥ ＦＬＯＯＤＢＯＲＮ　フラッドボーンの渾沌,142,,,コグスワース,大きな古時計,5_sapphire,5,1_character,フラッドボーン・仲間,5,2,2,4_superrare,0,0,0,0,0,0,0,0,0,0,0,0,0,変身３（３を支払うことでこのカードをあなたの《コグスワース》の上にプレイしてもよい。）魔除（対戦相手はチャレンジ以外でこのキャラクターを選べない。）巻き戻し あなたの他のキャラクターは耐久+１を得る。（耐久+１を持つキャラクターに与えられるダメージは１減る。）,-
2143,02_ＲＩＳＥ ＯＦ ＴＨＥ ＦＬＯＯＤＢＯＲＮ　フラッドボーンの渾沌,143,,,コグスワース,物言う時計,5_sapphire,2,1_character,ストーリーボーン・仲間,3,2,1,2_uncommon,0,0,0,0,0,0,0,0,0,0,0,0,0,待て待て、待ってくれ 暴勇を持つあなたのキャラクターは「 ： ロアを１つ得る。」を得る。,「もういい、やり過ぎだぞ。いいか、この執事が…」
2144,02_ＲＩＳＥ ＯＦ ＴＨＥ ＦＬＯＯＤＢＯＲＮ　フラッドボーンの渾沌,144,,,クルエラ,ファッショナブルなドライバー,5_sapphire,2,1_character,ドリームボーン・ヴィランズ,2,3,1,1_common,0,0,0,0,0,0,0,0,0,0,0,0,0,さあ行くわよ あなたのターンの間、このキャラクターは回避を得る。（このキャラクターは回避を持つキャラクターにチャレンジできる。）,「ゴ～～ジャスでしょ？それにあたしと同じくらいスタイリッシュだわ」
2145,02_ＲＩＳＥ ＯＦ ＴＨＥ ＦＬＯＯＤＢＯＲＮ　フラッドボーンの渾沌,145,,,クルエラ,相変わらずひどいものよ！,5_sapphire,5,1_character,フラッドボーン・ヴィランズ,3,4,2,2_uncommon,0,0,0,0,0,0,0,0,0,0,0,0,0,変身３（３を支払うことでこのカードをあなたの《クルエラ》の上にプレイしてもよい。）な～にをバカ言ってんだよ このキャラクターがクエストするたび、対戦相手のキャラクター１体を選び、このターン、-２する。,「インククチュールよ。あたしは最高の毛皮しか着ないの！」
2146,02_ＲＩＳＥ ＯＦ ＴＨＥ ＦＬＯＯＤＢＯＲＮ　フラッドボーンの渾沌,146,,,デューク・ウィーゼルトン,ちんけなイカサマ師,5_sapphire,2,1_character,ストーリーボーン,2,1,2,1_common,0,0,0,0,0,0,0,0,0,0,0,0,0,魔除（対戦相手はチャレンジ以外でこのキャラクターを選べない。）,「ウィーゼルトンだ！」
2147,02_ＲＩＳＥ ＯＦ ＴＨＥ ＦＬＯＯＤＢＯＲＮ　フラッドボーンの渾沌,147,,,ガストン,パワフルなインテリ,5_sapphire,6,1_character,フラッドボーン・ヴィランズ,4,4,3,3_rare,0,0,0,0,0,0,0,0,0,0,0,0,0,変身４（４を支払うことでこのカードをあなたの《ガストン》の上にプレイしてもよい。）鍛えられた頭脳 このキャラクターをプレイしたとき、あなたのデッキの上からカードを３枚見る。そのうち１枚を手札に加えてもよい。残りを好きな順番でデッキの一番下に置く。,-
2148,02_ＲＩＳＥ ＯＦ ＴＨＥ ＦＬＯＯＤＢＯＲＮ　フラッドボーンの渾沌,148,,,パビー,賢明なる最長老,5_sapphire,7,1_character,ストーリーボーン・導き手,6,3,3,4_superrare,0,0,0,0,0,0,0,0,0,0,0,0,0,太古の洞察 あなたが自分のキャラクター１体から１ダメージ以上取り除くたび、ロアを２つ得る。,彼が口を開けば、空さえも耳を傾ける。
2149,02_ＲＩＳＥ ＯＦ ＴＨＥ ＦＬＯＯＤＢＯＲＮ　フラッドボーンの渾沌,149,,,ヒーラム・フラバーシャム,おもちゃ職人,5_sapphire,4,1_character,ストーリーボーン・発明家,6,1,1,3_rare,0,0,0,0,0,0,0,0,0,0,0,0,0,名工 このキャラクターをプレイしたとき、またはこれがクエストするたび、あなたのアイテム１つを退場させることでカードを２枚引いてもよい。,大イルミナの資材を使えるようになった今、彼の作品はこれまで以上に素晴らしいものになる。
2150,02_ＲＩＳＥ ＯＦ ＴＨＥ ＦＬＯＯＤＢＯＲＮ　フラッドボーンの渾沌,150,,,ジェームズ,理想の父親,5_sapphire,4,1_character,ストーリーボーン・導き手,3,3,2,1_common,0,0,0,0,0,0,0,0,0,0,0,0,0,本当に大事なものを見失わないで このキャラクターが退場したとき、このカードをあなたのインクウェルにエグザートかつ裏向きで置いてもよい。,-
2151,02_ＲＩＳＥ ＯＦ ＴＨＥ ＦＬＯＯＤＢＯＲＮ　フラッドボーンの渾沌,151,,,ジャスミン,アグラバーの継承者,5_sapphire,1,1_character,ストーリーボーン・ヒーロー・プリンセス,2,1,1,1_common,0,0,0,0,0,0,0,0,0,0,0,0,0,けっこう上手いでしょ このキャラクターをプレイしたとき、あなたのキャラクター１体を選び、１ダメージまで取り除く。,まだうら若き乙女ではあるが、彼女には真の指導者の気概がある。
2152,02_ＲＩＳＥ ＯＦ ＴＨＥ ＦＬＯＯＤＢＯＲＮ　フラッドボーンの渾沌,152,,,ジュディ・ホップス,やる気いっぱいの警官,5_sapphire,3,1_character,ストーリーボーン・ヒーロー,3,2,2,2_uncommon,0,0,0,0,0,0,0,0,0,0,0,0,0,カワイイはやめて このキャラクターをプレイしたとき、アイテム１つを選び、退場させてもよい。そのアイテムのプレイヤーはカードを１枚引く。,「ロアの書に何が起こったのか、必ず真相を突き止めるわ。私に任せて！」
2153,02_ＲＩＳＥ ＯＦ ＴＨＥ ＦＬＯＯＤＢＯＲＮ　フラッドボーンの渾沌,153,,,ジャドソン夫人,家政婦,5_sapphire,4,1_character,ストーリーボーン・仲間,5,1,2,3_rare,0,0,0,0,0,0,0,0,0,0,0,0,0,整理整頓 あなたがフラッドボーン・キャラクターをプレイするたび、あなたのデッキの一番上のカードをインクウェルにエグザートかつ裏向きで置いてもよい。,「もう大丈夫。暖かいお茶とチーズクランペットを持ってきてあげるわ」
2154,02_ＲＩＳＥ ＯＦ ＴＨＥ ＦＬＯＯＤＢＯＲＮ　フラッドボーンの渾沌,154,,,ニック・ワイルド,悪賢いキツネ,5_sapphire,4,1_character,ストーリーボーン・仲間,4,2,2,2_uncommon,0,0,0,0,0,0,0,0,0,0,0,0,0,サギ師って呼んでくれる？ このキャラクターをプレイしたとき、あなたの捨て札から《アイスポー》という名前のアイテム・カード１枚を手札に戻してもよい。,「こいつは犯罪的にウマいよ！」
2155,02_ＲＩＳＥ ＯＦ ＴＨＥ ＦＬＯＯＤＢＯＲＮ　フラッドボーンの渾沌,155,,,ノイ,孤児の泥棒,5_sapphire,2,1_character,ストーリーボーン・仲間,2,1,2,3_rare,0,0,0,0,0,0,0,0,0,0,0,0,0,かくれんぼ あなたの場にアイテムがある間、このキャラクターは耐久+１と魔除を得る。（このキャラクターに与えられるダメージは１減る。対戦相手はチャレンジ以外でこのキャラクターを選べない。）,-
2156,02_ＲＩＳＥ ＯＦ ＴＨＥ ＦＬＯＯＤＢＯＲＮ　フラッドボーンの渾沌,156,,,オウル,論理的な論客,5_sapphire,1,1_character,ストーリーボーン・仲間,2,2,1,1_common,0,1,0,0,0,0,0,0,0,0,0,0,0,-,「例えば、光の質や風向きの微妙な変化を総合的に判断すると、そろそろお茶の時間であるということがわかるんじゃ」
2157,02_ＲＩＳＥ ＯＦ ＴＨＥ ＦＬＯＯＤＢＯＲＮ　フラッドボーンの渾沌,157,,,プリンス・チャーミング,王位継承者,5_sapphire,4,1_character,ドリームボーン・ヒーロー・プリンス,3,3,3,3_rare,0,1,0,0,0,0,0,0,0,0,0,0,0,-,舞踏会で彼の心を奪った乙女を求めてインクランド中を探したが、見つかったのはさらなる謎ばかりだった。
2158,02_ＲＩＳＥ ＯＦ ＴＨＥ ＦＬＯＯＤＢＯＲＮ　フラッドボーンの渾沌,158,,,ラビット,しぶしぶのもてなし役,5_sapphire,5,1_character,ストーリーボーン・仲間,6,4,2,1_common,0,1,0,0,0,0,0,0,0,0,0,0,0,-,プー 「だれもいないの？」ラビット 「いないよ」プー 「だれかいるはずだ。だっていなかったら『いないよ』なんていわないもの」
2159,02_ＲＩＳＥ ＯＦ ＴＨＥ ＦＬＯＯＤＢＯＲＮ　フラッドボーンの渾沌,159,,,シスー,神聖なる水の竜,5_sapphire,4,1_character,ストーリーボーン・ヒーロー・神格・ドラゴン,4,2,2,5_legendary,0,0,0,0,0,0,0,0,0,0,0,0,0,信じてる、あなたを このキャラクターがクエストするたび、あなたのデッキの上からカードを２枚見る。そのうち１枚を手札に加えてもよい。残りを好きな順番でデッキの一番下に置く。,彼女がどれだけ形を変えようと、その心は見間違えようがない。
2160,02_ＲＩＳＥ ＯＦ ＴＨＥ ＦＬＯＯＤＢＯＲＮ　フラッドボーンの渾沌,160,,,ノック,水の精霊,5_sapphire,4,1_character,ストーリーボーン,3,4,1,1_common,0,0,0,0,0,0,0,0,0,0,0,0,0,魔除（対戦相手はチャレンジ以外でこのキャラクターを選べない。）,捉え難きこと水の如し。
2161,02_ＲＩＳＥ ＯＦ ＴＨＥ ＦＬＯＯＤＢＯＲＮ　フラッドボーンの渾沌,161,,,くまのプーさん,かんがえごとしてるの,5_sapphire,3,1_character,ストーリーボーン・ヒーロー,3,2,2,3_rare,0,0,0,0,0,0,0,0,0,0,0,0,0,はちみつのつぼ このキャラクターがクエストするたび、あなたの手札１枚をインクウェルに裏向きで置いてもよい。（インクウェル・シンボルは必要とされない。）,プーは考えごとをするのに、いちばんよさそうなポーズを取ってみました。
2162,02_ＲＩＳＥ ＯＦ ＴＨＥ ＦＬＯＯＤＢＯＲＮ　フラッドボーンの渾沌,162,,,うさぎの穴をまっさかさま,-,5_sapphire,4,2_action,-,0,0,0,3_rare,0,0,0,0,0,0,0,0,0,0,0,0,0,各プレイヤーは自分のキャラクター１体を選び、そのキャラクターをインクウェルにエグザートかつ裏向きで置く。,下へ、下へ、もっと下へ。アリスはインクの渦の中に浮かんでいました。とっても不思議！
2163,02_ＲＩＳＥ ＯＦ ＴＨＥ ＦＬＯＯＤＢＯＲＮ　フラッドボーンの渾沌,163,,,タマゴ４ダース,-,5_sapphire,4,3_action・song,歌,0,0,0,2_uncommon,0,0,0,0,0,0,0,0,0,0,0,0,0,（コスト４以上のキャラクターはすることでこの歌をコストを支払わずに歌える。）あなたのキャラクター全員はあなたの次のターンの始めまで、耐久+２を得る。（耐久+２を持つキャラクターに与えられるダメージは２減る。）,-
2164,02_ＲＩＳＥ ＯＦ ＴＨＥ ＦＬＯＯＤＢＯＲＮ　フラッドボーンの渾沌,164,,,発射,-,5_sapphire,3,2_action,-,0,0,0,2_uncommon,0,0,0,0,0,0,0,0,0,0,0,0,0,あなたのアイテム１つを選び、退場させることでキャラクター１体を選び、５ダメージを与える。,構え…狙え…ココナッツ？
2165,02_ＲＩＳＥ ＯＦ ＴＨＥ ＦＬＯＯＤＢＯＲＮ　フラッドボーンの渾沌,165,,,お見通し,-,5_sapphire,1,2_action,-,0,0,0,1_common,0,0,0,0,0,0,0,0,0,0,0,0,0,各対戦相手は手札を公開する。カードを１枚引く。,うれしくないビックリを避けるのに役立つ。
2166,02_ＲＩＳＥ ＯＦ ＴＨＥ ＦＬＯＯＤＢＯＲＮ　フラッドボーンの渾沌,166,,,ファングの弓矢,-,5_sapphire,3,4_item,-,0,0,0,2_uncommon,0,0,0,0,0,0,0,0,0,0,0,0,0,慎重な狙い ，２ ： キャラクター１体を選び、このターン、-２する。下がってて！ ，このアイテムを退場させる ： ドラゴン・キャラクター１体を選び、退場させる。,-
2167,02_ＲＩＳＥ ＯＦ ＴＨＥ ＦＬＯＯＤＢＯＲＮ　フラッドボーンの渾沌,167,,,ガンボ鍋,-,5_sapphire,2,4_item,-,0,0,0,1_common,0,0,0,0,0,0,0,0,0,0,0,0,0,最高にウマいスープだ！  ： キャラクターを２体まで選び、それらのキャラクターからそれぞれ１ダメージを取り除く。,この才能をみんなにも味わってもらおう！― ジェームズ
2168,02_ＲＩＳＥ ＯＦ ＴＨＥ ＦＬＯＯＤＢＯＲＮ　フラッドボーンの渾沌,168,,,モーリスの工房,-,5_sapphire,3,4_item,-,0,0,0,3_rare,0,0,0,0,0,0,0,0,0,0,0,0,0,これを探しとるのか？ あなたが他のアイテムをプレイするたび、１を支払うことでカードを１枚引いてもよい。,「おまえさんの求める解決策があと一息で手に入るかもしれんぞ！」
2169,02_ＲＩＳＥ ＯＦ ＴＨＥ ＦＬＯＯＤＢＯＲＮ　フラッドボーンの渾沌,169,,,アイスポー,-,5_sapphire,1,4_item,-,0,0,0,1_common,0,0,0,0,0,0,0,0,0,0,0,0,0,ジャンボ・ポップ このアイテムをプレイしたとき、カードを１枚引いてもよい。赤スギなんだ このアイテムを退場させる ： キャラクター１体を選び、２ダメージまで取り除く。,-
2170,02_ＲＩＳＥ ＯＦ ＴＨＥ ＦＬＯＯＤＢＯＲＮ　フラッドボーンの渾沌,170,,,イワシの空き缶,-,5_sapphire,4,4_item,-,0,0,0,2_uncommon,0,0,0,0,0,0,0,0,0,0,0,0,0,旅客席 エグザートしているあなたのキャラクターは魔除を得る。（対戦相手はチャレンジ以外で魔除を持つあなたのキャラクターを選べない。）,「３７５９便、搭乗開始！あのロアを取りに出発だぁ！」― オービル
2171,02_ＲＩＳＥ ＯＦ ＴＨＥ ＦＬＯＯＤＢＯＲＮ　フラッドボーンの渾沌,171,,,野獣,人嫌いの世捨て人,6_steel,4,1_character,ドリームボーン・ヒーロー・プリンス,4,3,1,1_common,0,0,0,0,0,0,0,0,0,0,0,0,0,ここに来てはならん！ このキャラクターをプレイしたとき、キャラクター１体を選び、１ダメージを与えてもよい。,災いなるかな、野獣ににらまれし者よ。
2172,02_ＲＩＳＥ ＯＦ ＴＨＥ ＦＬＯＯＤＢＯＲＮ　フラッドボーンの渾沌,172,,,野獣,捨て身の保護者,6_steel,6,1_character,ストーリーボーン・ヒーロー・プリンス,8,2,1,4_superrare,0,0,0,0,0,0,0,0,0,0,0,0,0,我が身を盾に あなたの他のキャラクター１体にダメージが与えられるなら、代わりにこのキャラクターにそのダメージと同じ数のダメージ・カウンターを置く。,「この私を倒してからにしろ」
2173,02_ＲＩＳＥ ＯＦ ＴＨＥ ＦＬＯＯＤＢＯＲＮ　フラッドボーンの渾沌,173,,,野獣,悲劇の主人公,6_steel,5,1_character,フラッドボーン・ヒーロー・プリンス,5,3,2,5_legendary,0,0,0,0,0,0,0,0,0,0,0,0,0,変身３（３を支払うことでこのカードをあなたの《野獣》の上にプレイしてもよい。）これでいいんだ あなたのターン開始時、このキャラクターが１ダメージも受けていないなら、カードを１枚引く。そうでないなら、これはこのターン、+４される。,「きっと私の運命なのだ…永遠に野獣の姿のままでいるのが」
2174,02_ＲＩＳＥ ＯＦ ＴＨＥ ＦＬＯＯＤＢＯＲＮ　フラッドボーンの渾沌,174,,,ベンジャ,龍の石の守り人,6_steel,3,1_character,ストーリーボーン・導き手・王様,3,2,2,1_common,0,0,0,0,0,0,0,0,0,0,0,0,0,道は二つだ このキャラクターをプレイしたとき、アイテム１つを選び、退場させてもよい。,「気合だけでは決して勝てんぞ」
2175,02_ＲＩＳＥ ＯＦ ＴＨＥ ＦＬＯＯＤＢＯＲＮ　フラッドボーンの渾沌,175,,,ボゴ署長,一目置かれた警官,6_steel,4,1_character,ドリームボーン,4,2,2,3_rare,0,0,0,0,0,0,0,0,0,0,0,0,0,命令違反だ！ あなたがフラッドボーン・キャラクターをプレイするたび、対戦相手の各キャラクターに１ダメージを与える。,「インクの大量漏洩は爆発が原因であることが確認されました。状況は制御下にあります…この場所から解散してください」
2176,02_ＲＩＳＥ ＯＦ ＴＨＥ ＦＬＯＯＤＢＯＲＮ　フラッドボーンの渾沌,176,,,シンデレラ,騎士見習い,6_steel,2,1_character,ドリームボーン・ヒーロー・プリンセス・騎士,2,2,1,1_common,0,0,0,0,0,0,0,0,0,0,0,0,0,勇気はホンモノ このキャラクターをプレイしたとき、「カードを１枚引き、その後カードを１枚選んで捨てる。」をしてもよい。,彼女はずっと勇者の心を持っていた…そしてこれからは、その技も身につける。
2177,02_ＲＩＳＥ ＯＦ ＴＨＥ ＦＬＯＯＤＢＯＲＮ　フラッドボーンの渾沌,177,,,シンデレラ,剛胆なる姫君,6_steel,7,1_character,フラッドボーン・ヒーロー・プリンセス・騎士,5,5,3,4_superrare,0,0,0,0,0,0,0,0,0,0,0,0,0,変身５（５を支払うことでこのカードをあなたの《シンデレラ》の上にプレイしてもよい。）耐久+２（このキャラクターに与えられるダメージは２減る。）歌う剣 あなたが歌をプレイするたび、このキャラクターはこのターン、レディしているキャラクターにチャレンジできる。,-
2178,02_ＲＩＳＥ ＯＦ ＴＨＥ ＦＬＯＯＤＢＯＲＮ　フラッドボーンの渾沌,178,,,ドナルドダック,深海ダイバー,6_steel,5,1_character,ドリームボーン・ヒーロー,5,6,1,1_common,0,1,0,0,0,0,0,0,0,0,0,0,0,-,「先に行って、ミニー！僕はここにロアがないか調べてみるよ」
2179,02_ＲＩＳＥ ＯＦ ＴＨＥ ＦＬＯＯＤＢＯＲＮ　フラッドボーンの渾沌,179,,,イーライ・ラバフ,ビッグ・ダディ,6_steel,4,1_character,ストーリーボーン・導き手,5,2,2,2_uncommon,0,1,0,0,0,0,0,0,0,0,0,0,0,-,「諸君のそのインクキャスターとやらで、もっとたくさん魔法のベニエをこさえたりできないものかね？」
2180,02_ＲＩＳＥ ＯＦ ＴＨＥ ＦＬＯＯＤＢＯＲＮ　フラッドボーンの渾沌,180,,,グーフィー,一日騎士,6_steel,9,1_character,ドリームボーン・ヒーロー・騎士,10,10,4,3_rare,0,1,0,0,0,0,0,0,0,0,0,0,0,-,見習いは活躍の場も少ワイヤ、好機をつかんだらドンと競ぉてやり遂げて、姫の唇を勝ち得てこそ騎ス道、もとい騎士道なり。
2181,02_ＲＩＳＥ ＯＦ ＴＨＥ ＦＬＯＯＤＢＯＲＮ　フラッドボーンの渾沌,181,,,ヘラクレス,神聖なるヒーロー,6_steel,6,1_character,フラッドボーン・ヒーロー・プリンス・神格,3,6,2,3_rare,0,0,0,0,0,0,0,0,0,0,0,0,0,変身４（４を支払うことでこのカードをあなたの《ヘラクレス》の上にプレイしてもよい。）耐久+２（このキャラクターに与えられるダメージは２減る。）,君のインク作品が台無しにされそうな時、そばにいてもらえると頼もしいヤツだ。
2182,02_ＲＩＳＥ ＯＦ ＴＨＥ ＦＬＯＯＤＢＯＲＮ　フラッドボーンの渾沌,182,,,ヘラクレス,訓練中のヒーロー,6_steel,2,1_character,ストーリーボーン・ヒーロー・プリンス,3,2,1,1_common,0,1,0,0,0,0,0,0,0,0,0,0,0,-,１１９番しなくても大丈夫！
2183,02_ＲＩＳＥ ＯＦ ＴＨＥ ＦＬＯＯＤＢＯＲＮ　フラッドボーンの渾沌,183,,,ジャファー,ド級の大蛇,6_steel,4,1_character,フラッドボーン・ヴィランズ・魔法使い,4,3,1,2_uncommon,0,0,0,0,0,0,0,0,0,0,0,0,0,変身２（２を支払うことでこのカードをあなたの《ジャファー》の上にプレイしてもよい。）それでは続きといこう あなたのターンの間、このキャラクターがチャレンジ中に他のキャラクター１体を退場させるたび、カードを１枚引いてもよい。,-
2184,02_ＲＩＳＥ ＯＦ ＴＨＥ ＦＬＯＯＤＢＯＲＮ　フラッドボーンの渾沌,184,,,ジャファー,国務大臣,6_steel,2,1_character,ストーリーボーン・ヴィランズ・魔法使い,2,3,1,1_common,0,0,0,0,0,0,0,0,0,0,0,0,0,信用できませんぞ あなたのターンの間、このキャラクターは回避を得る。（このキャラクターは回避を持つキャラクターにチャレンジできる。）,「真のパワーの持ち主が誰なのか、すぐに思い知らせてやろう！」
2185,02_ＲＩＳＥ ＯＦ ＴＨＥ ＦＬＯＯＤＢＯＲＮ　フラッドボーンの渾沌,185,,,クロンク,生き物クラブの部長,6_steel,6,1_character,ストーリーボーン・仲間,5,4,2,3_rare,0,0,0,0,0,0,0,0,0,0,0,0,0,耐久+１（このキャラクターに与えられるダメージは１減る。）スカウトリーダー あなたのターンの間、このキャラクターがチャレンジ中に他のキャラクター１体を退場させるたび、キャラクター１体を選び、２ダメージを与えてもよい。,-
2186,02_ＲＩＳＥ ＯＦ ＴＨＥ ＦＬＯＯＤＢＯＲＮ　フラッドボーンの渾沌,186,,,ローレンス,妬み深い従者,6_steel,3,1_character,ストーリーボーン・仲間,4,0,2,2_uncommon,0,0,0,0,0,0,0,0,0,0,0,0,0,お返し このキャラクターは１ダメージも受けていない間、+４される。,この新しい世界でなら、ついに王冠が彼のものになるかもしれない。
2187,02_ＲＩＳＥ ＯＦ ＴＨＥ ＦＬＯＯＤＢＯＲＮ　フラッドボーンの渾沌,187,,,リー・シャン,弓術教官,6_steel,5,1_character,ストーリーボーン・ヒーロー,6,3,2,2_uncommon,0,0,0,0,0,0,0,0,0,0,0,0,0,弓術教練 このキャラクターがクエストするたび、あなたのキャラクター全員はこのターン、回避を得る。（回避を持つキャラクターは回避を持つキャラクターにチャレンジできる。）,するべきことを学び、然る後に考えずともそれをできるよう学ぶ。
2188,02_ＲＩＳＥ ＯＦ ＴＨＥ ＦＬＯＯＤＢＯＲＮ　フラッドボーンの渾沌,188,,,魔法のほうき,産業用モデル,6_steel,3,1_character,ドリームボーン・ほうき,3,2,1,1_common,0,0,0,0,0,0,0,0,0,0,0,0,0,ピッカピカに このキャラクターをプレイしたとき、キャラクター１体を選び、そのキャラクターはあなたの次のターンの始めまで、耐久+１を得る。（耐久+１を持つキャラクターに与えられるダメージは１減る。）,仕様上の運搬重量は「マジでたくさん」となってはいるけど、魔法の大水の中ではできることも限られるんだ。
2189,02_ＲＩＳＥ ＯＦ ＴＨＥ ＦＬＯＯＤＢＯＲＮ　フラッドボーンの渾沌,189,,,ナマーリ,朝霧,6_steel,4,1_character,ストーリーボーン・ヴィランズ・プリンセス,4,2,1,5_legendary,0,0,0,0,0,0,0,0,0,0,0,0,0,護衛（このキャラクターをエグザートで場に出してもよい。あなたのキャラクターにチャレンジする対戦相手のキャラクターは、可能なら護衛を持つキャラクターを選ぶ。）双剣 このキャラクターはレディしているキャラクターにチャレンジできる。,-
2190,02_ＲＩＳＥ ＯＦ ＴＨＥ ＦＬＯＯＤＢＯＲＮ　フラッドボーンの渾沌,190,,,パチャ,村の指導者,6_steel,6,1_character,ストーリーボーン・ヒーロー,8,4,2,2_uncommon,0,1,0,0,0,0,0,0,0,0,0,0,0,-,「純朴なツラにだまされるな、あれは計算」― クスコ
2191,02_ＲＩＳＥ ＯＦ ＴＨＥ ＦＬＯＯＤＢＯＲＮ　フラッドボーンの渾沌,191,,,ナヴィーン王子,一文無しの王族,6_steel,3,1_character,ストーリーボーン・プリンス,3,4,1,1_common,0,1,0,0,0,0,0,0,0,0,0,0,0,-,彼にあるのは魅力だけ。
2192,02_ＲＩＳＥ ＯＦ ＴＨＥ ＦＬＯＯＤＢＯＲＮ　フラッドボーンの渾沌,192,,,ハートの女王,気まぐれな君主,6_steel,7,1_character,ストーリーボーン・ヴィランズ・女王,6,5,1,3_rare,0,0,0,0,0,0,0,0,0,0,0,0,0,首をはねよ！ 対戦相手のキャラクター１体が退場するたび、このキャラクターをレディしてもよい。,悪役のルールその４ ： あらゆる手を尽くし、首の差で勝利せよ。
2193,02_ＲＩＳＥ ＯＦ ＴＨＥ ＦＬＯＯＤＢＯＲＮ　フラッドボーンの渾沌,193,,,ロビン・フッド,有能な戦士,6_steel,2,1_character,ドリームボーン・ヒーロー,3,1,1,2_uncommon,0,0,0,0,0,0,0,0,0,0,0,0,0,散兵  ： キャラクター１体を選び、１ダメージを与える。,「有能？あんた半分もわかってねえよ」― リトル・ジョン
2194,02_ＲＩＳＥ ＯＦ ＴＨＥ ＦＬＯＯＤＢＯＲＮ　フラッドボーンの渾沌,194,,,兵士,不本意な刺客,6_steel,2,1_character,ストーリーボーン・仲間,1,1,2,3_rare,0,0,0,0,0,0,0,0,0,0,0,0,0,心変わり このキャラクターがクエストするたび、「カードを１枚引き、その後カードを１枚選んで捨てる。」をしてもよい。,「逃げなさい！さあ、追手が！早く！森の奥へ行き、隠れるのです！」
2195,02_ＲＩＳＥ ＯＦ ＴＨＥ ＦＬＯＯＤＢＯＲＮ　フラッドボーンの渾沌,195,,,王子,決してあきらめない,6_steel,3,1_character,ドリームボーン・ヒーロー・プリンス,3,1,2,2_uncommon,0,0,0,0,0,0,0,0,0,0,0,0,0,護衛（このキャラクターをエグザートで場に出してもよい。あなたのキャラクターにチャレンジする対戦相手のキャラクターは、可能なら護衛を持つキャラクターを選ぶ。）耐久+１（このキャラクターに与えられるダメージは１減る。）,-
2196,02_ＲＩＳＥ ＯＦ ＴＨＥ ＦＬＯＯＤＢＯＲＮ　フラッドボーンの渾沌,196,,,ティアナ,祝福のプリンセス,6_steel,4,1_character,ドリームボーン・ヒーロー・プリンセス,4,1,2,4_superrare,0,0,0,0,0,0,0,0,0,0,0,0,0,耐久+２（このキャラクターに与えられるダメージは２減る。）努力が大事 このキャラクターがエグザートしていてあなたの手札が０枚である間、対戦相手はアクションをプレイできない。,-
2197,02_ＲＩＳＥ ＯＦ ＴＨＥ ＦＬＯＯＤＢＯＲＮ　フラッドボーンの渾沌,197,,,ティアナ,勤勉なウェイトレス,6_steel,1,1_character,ストーリーボーン・ヒーロー・プリンセス,3,1,1,1_common,0,1,0,0,0,0,0,0,0,0,0,0,0,-,「私のお店はみんなを素敵な料理でお腹いっぱいにして、ホットなジャズで心も満たす、特別な場所になるわ！」
2198,02_ＲＩＳＥ ＯＦ ＴＨＥ ＦＬＯＯＤＢＯＲＮ　フラッドボーンの渾沌,198,,,突撃！,-,6_steel,2,2_action,-,0,0,0,1_common,0,0,0,0,0,0,0,0,0,0,0,0,0,キャラクター１体を選び、そのキャラクターはこのターン、果敢+２と耐久+２を得る。（果敢+２を持つキャラクターはチャレンジしている間、+２される。耐久+２を持つキャラクターに与えられるダメージは２減る。）,時には緻密さが必要となる。今はそういう時ではない。
2199,02_ＲＩＳＥ ＯＦ ＴＨＥ ＦＬＯＯＤＢＯＲＮ　フラッドボーンの渾沌,199,,,風よ吹け,-,6_steel,3,3_action・song,歌,0,0,0,1_common,0,0,0,0,0,0,0,0,0,0,0,0,0,（コスト３以上のキャラクターはすることでこの歌をコストを支払わずに歌える。）キャラクター１体を選び、２ダメージを与える。カードを１枚引く。,少しも寒くないわ
2200,02_ＲＩＳＥ ＯＦ ＴＨＥ ＦＬＯＯＤＢＯＲＮ　フラッドボーンの渾沌,200,,,一丁やろうぜ！,-,6_steel,2,2_action,-,0,0,0,2_uncommon,0,0,0,0,0,0,0,0,0,0,0,0,0,キャラクター１体を選び、そのキャラクターはこのターン、レディしているキャラクターにチャレンジできる。,「壊してやる！」
2201,02_ＲＩＳＥ ＯＦ ＴＨＥ ＦＬＯＯＤＢＯＲＮ　フラッドボーンの渾沌,201,,,持つんだ熱い心,-,6_steel,3,3_action・song,歌,0,0,0,3_rare,0,0,0,0,0,0,0,0,0,0,0,0,0,（コスト３以上のキャラクターはすることでこの歌をコストを支払わずに歌える。）キャラクター１体を選び、あなたの場のキャラクターと同じ数のダメージを与える。,燃える闘志 内に秘め 集中しろ 為せばなる
2202,02_ＲＩＳＥ ＯＦ ＴＨＥ ＦＬＯＯＤＢＯＲＮ　フラッドボーンの渾沌,202,,,とっておきの大砲,-,6_steel,1,4_item,-,0,0,0,1_common,0,0,0,0,0,0,0,0,0,0,0,0,0,武装せよ １，このアイテムを退場させる ： キャラクター１体を選び、そのキャラクターはこのターン、果敢+３を得る。（果敢+３を持つキャラクターはチャレンジしている間、+３される。）,一発逆転。
2203,02_ＲＩＳＥ ＯＦ ＴＨＥ ＦＬＯＯＤＢＯＲＮ　フラッドボーンの渾沌,203,,,ネズミのカッチュー,-,6_steel,2,4_item,-,0,0,0,2_uncommon,0,0,0,0,0,0,0,0,0,0,0,0,0,防具  ： キャラクター１体を選び、そのキャラクターはあなたの次のターンの始めまで、耐久+１を得る。（耐久+１を持つキャラクターに与えられるダメージは１減る。）,最も小さな手で造られた、最も勇敢な心の持ち主のためのヨロイ。
2204,02_ＲＩＳＥ ＯＦ ＴＨＥ ＦＬＯＯＤＢＯＲＮ　フラッドボーンの渾沌,204,,,筋トレ器具,-,6_steel,3,4_item,-,0,0,0,3_rare,0,0,0,0,0,0,0,0,0,0,0,0,0,トレーニング あなたが４以上のキャラクターをプレイするたび、１を支払うことでカードを１枚引いてもよい。,ヘラクレス本人のお墨付き！
